date,origin,destination,commodity,vessel_type,cargo_tonnes,bdi,vlsfo_usd_per_tonne,coal_price_usd_per_mt,iron_ore_price_usd_per_dmt,wind_kmh,wave_height_m,cyclone_risk,weather_delay_days,current_freight_usd_per_tonne,next_month_freight_usd_per_tonne,trajectory_id,data_origin,synthetic_generation_method
2024-02-01,Australia West Coast,East Coast India,Iron Ore,Capesize,170000.0,1560.0,638.0,124.2,124.4,28.1504,1.7,2.0,0.5,9.8,10.2,,original,original_observation
2024-02-01,Hay Point,East Coast India,Coal,Capesize,170000.0,1560.0,638.0,124.2,124.4,32.410000000000004,2.0,2.0,0.5,13.9,14.3,,original,original_observation
2024-02-01,Hay Point,East Coast India,Coal,Panamax,75000.0,1560.0,638.0,124.2,124.4,32.410000000000004,2.0,2.0,0.5,16.5,16.9,,original,original_observation
2024-02-01,Taboneo,East Coast India,Thermal Coal,Panamax,75000.0,1560.0,638.0,124.2,124.4,21.853600000000004,1.2,2.0,0.5,10.1,10.5,,original,original_observation
2024-02-01,Taboneo,East Coast India,Thermal Coal,Supramax,55000.0,1560.0,638.0,124.2,124.4,21.853600000000004,1.2,2.0,0.5,11.8,12.2,,original,original_observation
2024-03-01,Australia West Coast,East Coast India,Iron Ore,Capesize,170000.0,1680.0,645.0,131.5,109.8,25.928,1.5,1.0,0.0,10.2,12.1,,original,original_observation
2024-03-01,Hay Point,East Coast India,Coal,Capesize,170000.0,1680.0,645.0,131.5,109.8,27.78,1.7,1.0,0.0,14.3,15.8,,original,original_observation
2024-03-01,Hay Point,East Coast India,Coal,Panamax,75000.0,1680.0,645.0,131.5,109.8,27.78,1.7,1.0,0.0,16.9,18.7,,original,original_observation
2024-03-01,Taboneo,East Coast India,Thermal Coal,Panamax,75000.0,1680.0,645.0,131.5,109.8,19.446,1.1,1.0,0.0,10.5,11.1,,original,original_observation
2024-03-01,Taboneo,East Coast India,Thermal Coal,Supramax,55000.0,1680.0,645.0,131.5,109.8,19.446,1.1,1.0,0.0,12.2,12.9,,original,original_observation
2024-04-01,Australia West Coast,East Coast India,Iron Ore,Capesize,170000.0,1820.0,655.0,135.0,112.8,30.558,1.9,2.0,0.5,12.1,12.7,,original,original_observation
2024-04-01,Hay Point,East Coast India,Coal,Capesize,170000.0,1820.0,655.0,135.0,112.8,26.2984,1.6,2.0,0.5,15.8,16.6,,original,original_observation
2024-04-01,Hay Point,East Coast India,Coal,Panamax,75000.0,1820.0,655.0,135.0,112.8,26.2984,1.6,2.0,0.5,18.7,19.5,,original,original_observation
2024-04-01,Taboneo,East Coast India,Thermal Coal,Panamax,75000.0,1820.0,655.0,135.0,112.8,22.224,1.4,2.0,0.5,11.1,11.6,,original,original_observation
2024-04-01,Taboneo,East Coast India,Thermal Coal,Supramax,55000.0,1820.0,655.0,135.0,112.8,22.224,1.4,2.0,0.5,12.9,13.5,,original,original_observation
2024-05-01,Australia West Coast,East Coast India,Iron Ore,Capesize,170000.0,1950.0,660.0,142.0,118.9,38.892,2.8,4.0,2.0,12.7,12.3,,original,original_observation
2024-05-01,Hay Point,East Coast India,Coal,Capesize,170000.0,1950.0,660.0,142.0,118.9,35.188,2.6,4.0,2.0,16.6,16.1,,original,original_observation
2024-05-01,Hay Point,East Coast India,Coal,Panamax,75000.0,1950.0,660.0,142.0,118.9,35.188,2.6,4.0,2.0,19.5,19.0,,original,original_observation
2024-05-01,Taboneo,East Coast India,Thermal Coal,Panamax,75000.0,1950.0,660.0,142.0,118.9,34.262,2.4,4.0,2.0,11.6,11.4,,original,original_observation
2024-05-01,Taboneo,East Coast India,Thermal Coal,Supramax,55000.0,1950.0,660.0,142.0,118.9,34.262,2.4,4.0,2.0,13.5,13.2,,original,original_observation
2024-06-01,Australia West Coast,East Coast India,Iron Ore,Capesize,170000.0,1890.0,642.0,135.1,107.5,48.152,3.5,3.0,2.5,12.3,9.5,,original,original_observation
2024-06-01,Hay Point,East Coast India,Coal,Capesize,170000.0,1890.0,642.0,135.1,107.5,43.522000000000006,3.1,3.0,2.5,16.1,12.8,,original,original_observation
2024-06-01,Hay Point,East Coast India,Coal,Panamax,75000.0,1890.0,642.0,135.1,107.5,43.522000000000006,3.1,3.0,2.5,19.0,15.5,,original,original_observation
2024-06-01,Taboneo,East Coast India,Thermal Coal,Panamax,75000.0,1890.0,642.0,135.1,107.5,44.448,3.2,3.0,2.5,11.4,9.2,,original,original_observation
2024-06-01,Taboneo,East Coast India,Thermal Coal,Supramax,55000.0,1890.0,642.0,135.1,107.5,44.448,3.2,3.0,2.5,13.2,10.8,,original,original_observation
2024-07-01,Australia West Coast,East Coast India,Iron Ore,Capesize,170000.0,1420.0,615.0,137.6,106.9,54.634,4.1,2.0,3.5,9.5,8.9,,original,original_observation
2024-07-01,Hay Point,East Coast India,Coal,Capesize,170000.0,1420.0,615.0,137.6,106.9,48.152,3.6,2.0,3.5,12.8,12.2,,original,original_observation
2024-07-01,Hay Point,East Coast India,Coal,Panamax,75000.0,1420.0,615.0,137.6,106.9,48.152,3.6,2.0,3.5,15.5,14.9,,original,original_observation
2024-07-01,Taboneo,East Coast India,Thermal Coal,Panamax,75000.0,1420.0,615.0,137.6,106.9,52.782,3.9,2.0,3.5,9.2,8.7,,original,original_observation
2024-07-01,Taboneo,East Coast India,Thermal Coal,Supramax,55000.0,1420.0,615.0,137.6,106.9,52.782,3.9,2.0,3.5,10.8,10.2,,original,original_observation
2024-08-01,Australia West Coast,East Coast India,Iron Ore,Capesize,170000.0,1350.0,605.0,145.8,99.9,51.856,3.9,2.0,3.0,8.9,9.2,,original,original_observation
2024-08-01,Hay Point,East Coast India,Coal,Capesize,170000.0,1350.0,605.0,145.8,99.9,46.6704,3.4,2.0,3.0,12.2,12.6,,original,original_observation
2024-08-01,Hay Point,East Coast India,Coal,Panamax,75000.0,1350.0,605.0,145.8,99.9,46.6704,3.4,2.0,3.0,14.9,15.3,,original,original_observation
2024-08-01,Taboneo,East Coast India,Thermal Coal,Panamax,75000.0,1350.0,605.0,145.8,99.9,50.004000000000005,3.7,2.0,3.0,8.7,8.9,,original,original_observation
2024-08-01,Taboneo,East Coast India,Thermal Coal,Supramax,55000.0,1350.0,605.0,145.8,99.9,50.004000000000005,3.7,2.0,3.0,10.2,10.4,,original,original_observation
2024-09-01,Australia West Coast,East Coast India,Iron Ore,Capesize,170000.0,1390.0,610.0,139.2,92.8,43.522000000000006,3.0,3.0,2.0,9.2,11.4,,original,original_observation
2024-09-01,Hay Point,East Coast India,Coal,Capesize,170000.0,1390.0,610.0,139.2,92.8,38.52160000000001,2.7,3.0,2.0,12.6,15.1,,original,original_observation
2024-09-01,Hay Point,East Coast India,Coal,Panamax,75000.0,1390.0,610.0,139.2,92.8,38.52160000000001,2.7,3.0,2.0,15.3,17.9,,original,original_observation
2024-09-01,Taboneo,East Coast India,Thermal Coal,Panamax,75000.0,1390.0,610.0,139.2,92.8,39.818000000000005,2.8,3.0,2.0,8.9,10.3,,original,original_observation
2024-09-01,Taboneo,East Coast India,Thermal Coal,Supramax,55000.0,1390.0,610.0,139.2,92.8,39.818000000000005,2.8,3.0,2.0,10.4,12.1,,original,original_observation
2024-10-01,Australia West Coast,East Coast India,Iron Ore,Capesize,170000.0,1740.0,630.0,146.6,101.4,33.336,2.3,5.0,3.5,11.4,12.2,,original,original_observation
2024-10-01,Hay Point,East Coast India,Coal,Capesize,170000.0,1740.0,630.0,146.6,101.4,32.410000000000004,2.2,5.0,3.5,15.1,16.2,,original,original_observation
2024-10-01,Hay Point,East Coast India,Coal,Panamax,75000.0,1740.0,630.0,146.6,101.4,32.410000000000004,2.2,5.0,3.5,17.9,19.0,,original,original_observation
2024-10-01,Taboneo,East Coast India,Thermal Coal,Panamax,75000.0,1740.0,630.0,146.6,101.4,30.0024,2.1,5.0,3.5,10.3,11.3,,original,original_observation
2024-10-01,Taboneo,East Coast India,Thermal Coal,Supramax,55000.0,1740.0,630.0,146.6,101.4,30.0024,2.1,5.0,3.5,12.1,13.2,,original,original_observation
2024-11-01,Australia West Coast,East Coast India,Iron Ore,Capesize,170000.0,1880.0,648.0,142.1,100.5,30.0024,2.0,4.0,2.5,12.2,12.4,,original,original_observation
2024-11-01,Hay Point,East Coast India,Coal,Capesize,170000.0,1880.0,648.0,142.1,100.5,31.1136,2.0,4.0,2.5,16.2,16.4,,original,original_observation
2024-11-01,Hay Point,East Coast India,Coal,Panamax,75000.0,1880.0,648.0,142.1,100.5,31.1136,2.0,4.0,2.5,19.0,19.2,,original,original_observation
2024-11-01,Taboneo,East Coast India,Thermal Coal,Panamax,75000.0,1880.0,648.0,142.1,100.5,27.78,1.9,4.0,2.5,11.3,11.6,,original,original_observation
2024-11-01,Taboneo,East Coast India,Thermal Coal,Supramax,55000.0,1880.0,648.0,142.1,100.5,27.78,1.9,4.0,2.5,13.2,13.5,,original,original_observation
2024-12-01,Australia West Coast,East Coast India,Iron Ore,Capesize,170000.0,1910.0,650.0,129.8,102.2,27.78,1.8,2.0,1.0,12.4,9.3,,original,original_observation
2024-12-01,Hay Point,East Coast India,Coal,Capesize,170000.0,1910.0,650.0,129.8,102.2,31.484,1.9,2.0,1.0,16.4,12.2,,original,original_observation
2024-12-01,Hay Point,East Coast India,Coal,Panamax,75000.0,1910.0,650.0,129.8,102.2,31.484,1.9,2.0,1.0,19.2,15.0,,original,original_observation
2024-12-01,Taboneo,East Coast India,Thermal Coal,Panamax,75000.0,1910.0,650.0,129.8,102.2,25.002,1.5,2.0,1.0,11.6,9.0,,original,original_observation
2024-12-01,Taboneo,East Coast India,Thermal Coal,Supramax,55000.0,1910.0,650.0,129.8,102.2,25.002,1.5,2.0,1.0,13.5,10.5,,original,original_observation
2025-01-01,Australia West Coast,East Coast India,Iron Ore,Capesize,170000.0,1380.0,595.0,118.6,99.6,26.854000000000003,1.6,2.0,0.5,9.3,8.8,,original,original_observation
2025-01-01,Hay Point,East Coast India,Coal,Capesize,170000.0,1380.0,595.0,118.6,99.6,29.632,1.8,2.0,0.5,12.2,11.8,,original,original_observation
2025-01-01,Hay Point,East Coast India,Coal,Panamax,75000.0,1380.0,595.0,118.6,99.6,29.632,1.8,2.0,0.5,15.0,14.5,,original,original_observation
2025-01-01,Taboneo,East Coast India,Thermal Coal,Panamax,75000.0,1380.0,595.0,118.6,99.6,22.224,1.3,2.0,0.5,9.0,8.5,,original,original_observation
2025-01-01,Taboneo,East Coast India,Thermal Coal,Supramax,55000.0,1380.0,595.0,118.6,99.6,22.224,1.3,2.0,0.5,10.5,9.9,,original,original_observation
2025-02-01,Australia West Coast,East Coast India,Iron Ore,Capesize,170000.0,1310.0,588.0,106.9,105.1,27.4096,1.6,2.0,0.5,8.8,9.1,,original,original_observation
2025-02-01,Hay Point,East Coast India,Coal,Capesize,170000.0,1310.0,588.0,106.9,105.1,31.1136,1.9,2.0,0.5,11.8,12.1,,original,original_observation
2025-02-01,Hay Point,East Coast India,Coal,Panamax,75000.0,1310.0,588.0,106.9,105.1,31.1136,1.9,2.0,0.5,14.5,14.8,,original,original_observation
2025-02-01,Taboneo,East Coast India,Thermal Coal,Panamax,75000.0,1310.0,588.0,106.9,105.1,20.7424,1.1,2.0,0.5,8.5,8.8,,original,original_observation
2025-02-01,Taboneo,East Coast India,Thermal Coal,Supramax,55000.0,1310.0,588.0,106.9,105.1,20.7424,1.1,2.0,0.5,9.9,10.3,,original,original_observation
2025-03-01,Australia West Coast,East Coast India,Iron Ore,Capesize,170000.0,1360.0,592.0,104.0,100.1,25.557600000000004,1.5,1.0,0.0,9.1,13.1,,original,original_observation
2025-03-01,Hay Point,East Coast India,Coal,Capesize,170000.0,1360.0,592.0,104.0,100.1,26.854000000000003,1.6,1.0,0.0,12.1,17.1,,original,original_observation
2025-03-01,Hay Point,East Coast India,Coal,Panamax,75000.0,1360.0,592.0,104.0,100.1,26.854000000000003,1.6,1.0,0.0,14.8,20.3,,original,original_observation
2025-03-01,Taboneo,East Coast India,Thermal Coal,Panamax,75000.0,1360.0,592.0,104.0,100.1,20.001600000000003,1.1,1.0,0.0,8.8,11.9,,original,original_observation
2025-03-01,Taboneo,East Coast India,Thermal Coal,Supramax,55000.0,1360.0,592.0,104.0,100.1,20.001600000000003,1.1,1.0,0.0,10.3,13.8,,original,original_observation
2025-04-01,Australia West Coast,East Coast India,Iron Ore,Capesize,170000.0,1980.0,640.0,98.6,97.2,31.8544,2.0,2.0,0.5,13.1,13.8,,original,original_observation
2025-04-01,Hay Point,East Coast India,Coal,Capesize,170000.0,1980.0,640.0,98.6,97.2,27.78,1.7,2.0,0.5,17.1,17.9,,original,original_observation
2025-04-01,Hay Point,East Coast India,Coal,Panamax,75000.0,1980.0,640.0,98.6,97.2,27.78,1.7,2.0,0.5,20.3,21.2,,original,original_observation
2025-04-01,Taboneo,East Coast India,Thermal Coal,Panamax,75000.0,1980.0,640.0,98.6,97.2,24.4464,1.5,2.0,0.5,11.9,12.5,,original,original_observation
2025-04-01,Taboneo,East Coast India,Thermal Coal,Supramax,55000.0,1980.0,640.0,98.6,97.2,24.4464,1.5,2.0,0.5,13.8,14.5,,original,original_observation
2025-05-01,Australia West Coast,East Coast India,Iron Ore,Capesize,170000.0,2150.0,658.0,104.4,97.0,41.4848,3.0,5.0,2.5,13.8,13.5,,original,original_observation
2025-05-01,Hay Point,East Coast India,Coal,Capesize,170000.0,2150.0,658.0,104.4,97.0,37.966,2.8,5.0,2.5,17.9,17.5,,original,original_observation
2025-05-01,Hay Point,East Coast India,Coal,Panamax,75000.0,2150.0,658.0,104.4,97.0,37.966,2.8,5.0,2.5,21.2,20.8,,original,original_observation
2025-05-01,Taboneo,East Coast India,Thermal Coal,Panamax,75000.0,2150.0,658.0,104.4,97.0,36.6696,2.6,5.0,2.5,12.5,12.2,,original,original_observation
2025-05-01,Taboneo,East Coast India,Thermal Coal,Supramax,55000.0,2150.0,658.0,104.4,97.0,36.6696,2.6,5.0,2.5,14.5,14.1,,original,original_observation
2025-06-01,Australia West Coast,East Coast India,Iron Ore,Capesize,170000.0,2080.0,652.0,109.0,92.3,50.93,3.7,3.0,3.0,13.5,10.7,,original,original_observation
2025-06-01,Hay Point,East Coast India,Coal,Capesize,170000.0,2080.0,652.0,109.0,92.3,45.9296,3.3,3.0,3.0,17.5,14.2,,original,original_observation
2025-06-01,Hay Point,East Coast India,Coal,Panamax,75000.0,2080.0,652.0,109.0,92.3,45.9296,3.3,3.0,3.0,20.8,16.8,,original,original_observation
2025-06-01,Taboneo,East Coast India,Thermal Coal,Panamax,75000.0,2080.0,652.0,109.0,92.3,46.6704,3.4,3.0,3.0,12.2,10.1,,original,original_observation
2025-06-01,Taboneo,East Coast India,Thermal Coal,Supramax,55000.0,2080.0,652.0,109.0,92.3,46.6704,3.4,3.0,3.0,14.1,11.9,,original,original_observation
2025-07-01,Australia West Coast,East Coast India,Iron Ore,Capesize,170000.0,1540.0,620.0,112.9,97.3,57.412000000000006,4.3,2.0,4.0,10.7,10.0,,original,original_observation
2025-07-01,Hay Point,East Coast India,Coal,Capesize,170000.0,1540.0,620.0,112.9,97.3,50.93,3.8,2.0,4.0,14.2,13.4,,original,original_observation
2025-07-01,Hay Point,East Coast India,Coal,Panamax,75000.0,1540.0,620.0,112.9,97.3,50.93,3.8,2.0,4.0,16.8,16.0,,original,original_observation
2025-07-01,Taboneo,East Coast India,Thermal Coal,Panamax,75000.0,1540.0,620.0,112.9,97.3,55.189600000000006,4.1,2.0,4.0,10.1,9.5,,original,original_observation
2025-07-01,Taboneo,East Coast India,Thermal Coal,Supramax,55000.0,1540.0,620.0,112.9,97.3,55.189600000000006,4.1,2.0,4.0,11.9,11.2,,original,original_observation
2025-08-01,Australia West Coast,East Coast India,Iron Ore,Capesize,170000.0,1460.0,608.0,112.2,99.7,53.708000000000006,4.0,2.0,3.5,10.0,10.3,,original,original_observation
2025-08-01,Hay Point,East Coast India,Coal,Capesize,170000.0,1460.0,608.0,112.2,99.7,48.152,3.5,2.0,3.5,13.4,13.8,,original,original_observation
2025-08-01,Hay Point,East Coast India,Coal,Panamax,75000.0,1460.0,608.0,112.2,99.7,48.152,3.5,2.0,3.5,16.0,16.4,,original,original_observation
2025-08-01,Taboneo,East Coast India,Thermal Coal,Panamax,75000.0,1460.0,608.0,112.2,99.7,52.2264,3.8,2.0,3.5,9.5,9.7,,original,original_observation
2025-08-01,Taboneo,East Coast India,Thermal Coal,Supramax,55000.0,1460.0,608.0,112.2,99.7,52.2264,3.8,2.0,3.5,11.2,11.5,,original,original_observation
2025-09-01,Australia West Coast,East Coast India,Iron Ore,Capesize,170000.0,1500.0,614.0,106.3,103.3,44.8184,3.1,3.0,2.0,10.3,12.2,,original,original_observation
2025-09-01,Hay Point,East Coast India,Coal,Capesize,170000.0,1500.0,614.0,106.3,103.3,39.818000000000005,2.8,3.0,2.0,13.8,16.4,,original,original_observation
2025-09-01,Hay Point,East Coast India,Coal,Panamax,75000.0,1500.0,614.0,106.3,103.3,39.818000000000005,2.8,3.0,2.0,16.4,19.1,,original,original_observation
2025-09-01,Taboneo,East Coast India,Thermal Coal,Panamax,75000.0,1500.0,614.0,106.3,103.3,40.744,2.9,3.0,2.0,9.7,11.2,,original,original_observation
2025-09-01,Taboneo,East Coast India,Thermal Coal,Supramax,55000.0,1500.0,614.0,106.3,103.3,40.744,2.9,3.0,2.0,11.5,13.1,,original,original_observation
2025-10-01,Australia West Coast,East Coast India,Iron Ore,Capesize,170000.0,1850.0,635.0,107.5,103.5,34.817600000000006,2.4,5.0,4.0,12.2,12.9,,original,original_observation
2025-10-01,Hay Point,East Coast India,Coal,Capesize,170000.0,1850.0,635.0,107.5,103.5,33.7064,2.3,5.0,4.0,16.4,17.2,,original,original_observation
2025-10-01,Hay Point,East Coast India,Coal,Panamax,75000.0,1850.0,635.0,107.5,103.5,33.7064,2.3,5.0,4.0,19.1,20.0,,original,original_observation
2025-10-01,Taboneo,East Coast India,Thermal Coal,Panamax,75000.0,1850.0,635.0,107.5,103.5,31.484,2.2,5.0,4.0,11.2,11.8,,original,original_observation
2025-10-01,Taboneo,East Coast India,Thermal Coal,Supramax,55000.0,1850.0,635.0,107.5,103.5,31.484,2.2,5.0,4.0,13.1,13.8,,original,original_observation
2025-11-01,Australia West Coast,East Coast India,Iron Ore,Capesize,170000.0,1970.0,646.0,112.6,102.5,31.1136,2.1,4.0,2.5,12.9,13.1,,original,original_observation
2025-11-01,Hay Point,East Coast India,Coal,Capesize,170000.0,1970.0,646.0,112.6,102.5,31.484,2.1,4.0,2.5,17.2,17.5,,original,original_observation
2025-11-01,Hay Point,East Coast India,Coal,Panamax,75000.0,1970.0,646.0,112.6,102.5,31.484,2.1,4.0,2.5,20.0,20.3,,original,original_observation
2025-11-01,Taboneo,East Coast India,Thermal Coal,Panamax,75000.0,1970.0,646.0,112.6,102.5,28.706000000000003,1.9,4.0,2.5,11.8,12.1,,original,original_observation
2025-11-01,Taboneo,East Coast India,Thermal Coal,Supramax,55000.0,1970.0,646.0,112.6,102.5,28.706000000000003,1.9,4.0,2.5,13.8,14.2,,original,original_observation
2030-02-01,Australia West Coast,East Coast India,Iron Ore,Capesize,170000.0,2150.0,658.0,104.4,97.0,41.4848,3.0,5.0,2.5,10.2,11.66394228304767,SYN0101,synthetic,regression_residual_bootstrap_v2
2030-03-01,Australia West Coast,East Coast India,Iron Ore,Capesize,170000.0,1910.0,650.0,129.8,102.2,27.78,1.8,2.0,1.0,11.66394228304767,13.264564352776777,SYN0101,synthetic,regression_residual_bootstrap_v2
2030-04-01,Australia West Coast,East Coast India,Iron Ore,Capesize,170000.0,2150.0,658.0,104.4,97.0,41.4848,3.0,5.0,2.5,13.264564352776777,10.450413375627974,SYN0101,synthetic,regression_residual_bootstrap_v2
2030-05-01,Australia West Coast,East Coast India,Iron Ore,Capesize,170000.0,1380.0,595.0,118.6,99.6,26.854000000000003,1.6,2.0,0.5,10.450413375627974,10.253178392622068,SYN0101,synthetic,regression_residual_bootstrap_v2
2030-06-01,Australia West Coast,East Coast India,Iron Ore,Capesize,170000.0,1540.0,620.0,112.9,97.3,57.412000000000006,4.3,2.0,4.0,10.253178392622068,9.631939061544848,SYN0101,synthetic,regression_residual_bootstrap_v2
2030-07-01,Australia West Coast,East Coast India,Iron Ore,Capesize,170000.0,1310.0,588.0,106.9,105.1,27.4096,1.6,2.0,0.5,9.631939061544848,9.399581718463457,SYN0101,synthetic,regression_residual_bootstrap_v2
2030-08-01,Australia West Coast,East Coast India,Iron Ore,Capesize,170000.0,1380.0,595.0,118.6,99.6,26.854000000000003,1.6,2.0,0.5,9.399581718463457,11.461300493588787,SYN0101,synthetic,regression_residual_bootstrap_v2
2030-09-01,Australia West Coast,East Coast India,Iron Ore,Capesize,170000.0,1890.0,642.0,135.1,107.5,48.152,3.5,3.0,2.5,11.461300493588787,12.512073439265547,SYN0101,synthetic,regression_residual_bootstrap_v2
2030-10-01,Australia West Coast,East Coast India,Iron Ore,Capesize,170000.0,1980.0,640.0,98.6,97.2,31.8544,2.0,2.0,0.5,12.512073439265547,10.017821912338421,SYN0101,synthetic,regression_residual_bootstrap_v2
2030-11-01,Australia West Coast,East Coast India,Iron Ore,Capesize,170000.0,1310.0,588.0,106.9,105.1,27.4096,1.6,2.0,0.5,10.017821912338421,10.047164897276199,SYN0101,synthetic,regression_residual_bootstrap_v2
2030-12-01,Australia West Coast,East Coast India,Iron Ore,Capesize,170000.0,1420.0,615.0,137.6,106.9,54.634,4.1,2.0,3.5,10.047164897276199,9.727272642102376,SYN0101,synthetic,regression_residual_bootstrap_v2
2031-01-01,Australia West Coast,East Coast India,Iron Ore,Capesize,170000.0,1500.0,614.0,106.3,103.3,44.8184,3.1,3.0,2.0,9.727272642102376,9.762147964665973,SYN0101,synthetic,regression_residual_bootstrap_v2
2031-02-01,Australia West Coast,East Coast India,Iron Ore,Capesize,170000.0,1460.0,608.0,112.2,99.7,53.708000000000006,4.0,2.0,3.5,9.762147964665973,11.46754471115429,SYN0101,synthetic,regression_residual_bootstrap_v2
2031-03-01,Australia West Coast,East Coast India,Iron Ore,Capesize,170000.0,1890.0,642.0,135.1,107.5,48.152,3.5,3.0,2.5,11.46754471115429,11.575331490471449,SYN0101,synthetic,regression_residual_bootstrap_v2
2031-04-01,Australia West Coast,East Coast India,Iron Ore,Capesize,170000.0,1880.0,648.0,142.1,100.5,30.0024,2.0,4.0,2.5,11.575331490471449,12.209748527323894,SYN0101,synthetic,regression_residual_bootstrap_v2
2031-05-01,Australia West Coast,East Coast India,Iron Ore,Capesize,170000.0,1910.0,650.0,129.8,102.2,27.78,1.8,2.0,1.0,12.209748527323894,10.815260927747818,SYN0101,synthetic,regression_residual_bootstrap_v2
2031-06-01,Australia West Coast,East Coast India,Iron Ore,Capesize,170000.0,1540.0,620.0,112.9,97.3,57.412000000000006,4.3,2.0,4.0,10.815260927747818,11.317206793494895,SYN0101,synthetic,regression_residual_bootstrap_v2
2031-07-01,Australia West Coast,East Coast India,Iron Ore,Capesize,170000.0,1740.0,630.0,146.6,101.4,33.336,2.3,5.0,3.5,11.317206793494895,10.835894080364548,SYN0101,synthetic,regression_residual_bootstrap_v2
2031-08-01,Australia West Coast,East Coast India,Iron Ore,Capesize,170000.0,1680.0,645.0,131.5,109.8,25.928,1.5,1.0,0.0,10.835894080364548,12.66648623449239,SYN0101,synthetic,regression_residual_bootstrap_v2
2031-09-01,Australia West Coast,East Coast India,Iron Ore,Capesize,170000.0,2080.0,652.0,109.0,92.3,50.93,3.7,3.0,3.0,12.66648623449239,13.406104634045004,SYN0101,synthetic,regression_residual_bootstrap_v2
2031-10-01,Australia West Coast,East Coast India,Iron Ore,Capesize,170000.0,2080.0,652.0,109.0,92.3,50.93,3.7,3.0,3.0,13.406104634045004,12.59042746527879,SYN0101,synthetic,regression_residual_bootstrap_v2
2031-11-01,Australia West Coast,East Coast India,Iron Ore,Capesize,170000.0,1910.0,650.0,129.8,102.2,27.78,1.8,2.0,1.0,12.59042746527879,11.9121963167088,SYN0101,synthetic,regression_residual_bootstrap_v2
2031-12-01,Australia West Coast,East Coast India,Iron Ore,Capesize,170000.0,1880.0,648.0,142.1,100.5,30.0024,2.0,4.0,2.5,11.9121963167088,10.797094942808792,SYN0101,synthetic,regression_residual_bootstrap_v2
2032-01-01,Australia West Coast,East Coast India,Iron Ore,Capesize,170000.0,1540.0,620.0,112.9,97.3,57.412000000000006,4.3,2.0,4.0,10.797094942808792,11.83443513319802,SYN0101,synthetic,regression_residual_bootstrap_v2
2032-02-01,Australia West Coast,East Coast India,Iron Ore,Capesize,170000.0,1950.0,660.0,142.0,118.9,38.892,2.8,4.0,2.0,11.83443513319802,9.924046864271784,SYN0101,synthetic,regression_residual_bootstrap_v2
2032-03-01,Australia West Coast,East Coast India,Iron Ore,Capesize,170000.0,1390.0,610.0,139.2,92.8,43.522000000000006,3.0,3.0,2.0,9.924046864271784,12.774021705193762,SYN0101,synthetic,regression_residual_bootstrap_v2
2032-04-01,Australia West Coast,East Coast India,Iron Ore,Capesize,170000.0,2150.0,658.0,104.4,97.0,41.4848,3.0,5.0,2.5,12.774021705193762,12.543836395228134,SYN0101,synthetic,regression_residual_bootstrap_v2
2032-05-01,Australia West Coast,East Coast India,Iron Ore,Capesize,170000.0,1890.0,642.0,135.1,107.5,48.152,3.5,3.0,2.5,12.543836395228134,13.963210026229534,SYN0101,synthetic,regression_residual_bootstrap_v2
2032-06-01,Australia West Coast,East Coast India,Iron Ore,Capesize,170000.0,2150.0,658.0,104.4,97.0,41.4848,3.0,5.0,2.5,13.963210026229534,13.811692569784366,SYN0101,synthetic,regression_residual_bootstrap_v2
2032-07-01,Australia West Coast,East Coast India,Iron Ore,Capesize,170000.0,2080.0,652.0,109.0,92.3,50.93,3.7,3.0,3.0,13.811692569784366,11.468573702401466,SYN0101,synthetic,regression_residual_bootstrap_v2
2032-08-01,Australia West Coast,East Coast India,Iron Ore,Capesize,170000.0,1540.0,620.0,112.9,97.3,57.412000000000006,4.3,2.0,4.0,11.468573702401466,10.361331485620909,SYN0101,synthetic,regression_residual_bootstrap_v2
2032-09-01,Australia West Coast,East Coast India,Iron Ore,Capesize,170000.0,1500.0,614.0,106.3,103.3,44.8184,3.1,3.0,2.0,10.361331485620909,13.055156907811622,SYN0101,synthetic,regression_residual_bootstrap_v2
2032-10-01,Australia West Coast,East Coast India,Iron Ore,Capesize,170000.0,2150.0,658.0,104.4,97.0,41.4848,3.0,5.0,2.5,13.055156907811622,10.814917188673483,SYN0101,synthetic,regression_residual_bootstrap_v2
2032-11-01,Australia West Coast,East Coast India,Iron Ore,Capesize,170000.0,1460.0,608.0,112.2,99.7,53.708000000000006,4.0,2.0,3.5,10.814917188673483,11.546361669007272,SYN0101,synthetic,regression_residual_bootstrap_v2
2032-12-01,Australia West Coast,East Coast India,Iron Ore,Capesize,170000.0,1820.0,655.0,135.0,112.8,30.558,1.9,2.0,0.5,11.546361669007272,10.868720342761208,SYN0101,synthetic,regression_residual_bootstrap_v2
2033-01-01,Australia West Coast,East Coast India,Iron Ore,Capesize,170000.0,1540.0,620.0,112.9,97.3,57.412000000000006,4.3,2.0,4.0,10.868720342761208,12.971593826396102,SYN0101,synthetic,regression_residual_bootstrap_v2
2033-02-01,Australia West Coast,East Coast India,Iron Ore,Capesize,170000.0,2150.0,658.0,104.4,97.0,41.4848,3.0,5.0,2.5,12.971593826396102,10.375994674339063,SYN0101,synthetic,regression_residual_bootstrap_v2
2033-03-01,Australia West Coast,East Coast India,Iron Ore,Capesize,170000.0,1360.0,592.0,104.0,100.1,25.557600000000004,1.5,1.0,0.0,10.375994674339063,9.152077204082667,SYN0101,synthetic,regression_residual_bootstrap_v2
2033-04-01,Australia West Coast,East Coast India,Iron Ore,Capesize,170000.0,1310.0,588.0,106.9,105.1,27.4096,1.6,2.0,0.5,9.152077204082667,9.787441484799473,SYN0101,synthetic,regression_residual_bootstrap_v2
2033-05-01,Australia West Coast,East Coast India,Iron Ore,Capesize,170000.0,1420.0,615.0,137.6,106.9,54.634,4.1,2.0,3.5,9.787441484799473,12.882989907565191,SYN0101,synthetic,regression_residual_bootstrap_v2
2033-06-01,Australia West Coast,East Coast India,Iron Ore,Capesize,170000.0,2150.0,658.0,104.4,97.0,41.4848,3.0,5.0,2.5,12.882989907565191,10.801958984639944,SYN0101,synthetic,regression_residual_bootstrap_v2
2033-07-01,Australia West Coast,East Coast India,Iron Ore,Capesize,170000.0,1460.0,608.0,112.2,99.7,53.708000000000006,4.0,2.0,3.5,10.801958984639944,12.800379269677876,SYN0101,synthetic,regression_residual_bootstrap_v2
2033-08-01,Australia West Coast,East Coast India,Iron Ore,Capesize,170000.0,2080.0,652.0,109.0,92.3,50.93,3.7,3.0,3.0,12.800379269677876,10.000113780903364,SYN0101,synthetic,regression_residual_bootstrap_v2
2033-09-01,Australia West Coast,East Coast India,Iron Ore,Capesize,170000.0,1310.0,588.0,106.9,105.1,27.4096,1.6,2.0,0.5,10.000113780903364,9.387906190434467,SYN0101,synthetic,regression_residual_bootstrap_v2
2033-10-01,Australia West Coast,East Coast India,Iron Ore,Capesize,170000.0,1310.0,588.0,106.9,105.1,27.4096,1.6,2.0,0.5,9.387906190434467,9.041171480749576,SYN0101,synthetic,regression_residual_bootstrap_v2
2033-11-01,Australia West Coast,East Coast India,Iron Ore,Capesize,170000.0,1360.0,592.0,104.0,100.1,25.557600000000004,1.5,1.0,0.0,9.041171480749576,11.319580295192395,SYN0101,synthetic,regression_residual_bootstrap_v2
2033-12-01,Australia West Coast,East Coast India,Iron Ore,Capesize,170000.0,1910.0,650.0,129.8,102.2,27.78,1.8,2.0,1.0,11.319580295192395,9.76533711830424,SYN0101,synthetic,regression_residual_bootstrap_v2
2034-01-01,Australia West Coast,East Coast India,Iron Ore,Capesize,170000.0,1350.0,605.0,145.8,99.9,51.856,3.9,2.0,3.0,9.76533711830424,9.822735152507818,SYN0101,synthetic,regression_residual_bootstrap_v2
2034-02-01,Australia West Coast,East Coast India,Iron Ore,Capesize,170000.0,1500.0,614.0,106.3,103.3,44.8184,3.1,3.0,2.0,9.822735152507818,9.58315051580665,SYN0101,synthetic,regression_residual_bootstrap_v2
2034-04-01,Australia West Coast,East Coast India,Iron Ore,Capesize,170000.0,1850.0,635.0,107.5,103.5,34.817600000000006,2.4,5.0,4.0,10.0,11.578484017663726,SYN0102,synthetic,regression_residual_bootstrap_v2
2034-05-01,Australia West Coast,East Coast India,Iron Ore,Capesize,170000.0,1880.0,648.0,142.1,100.5,30.0024,2.0,4.0,2.5,11.578484017663726,9.738725691053645,SYN0102,synthetic,regression_residual_bootstrap_v2
2034-06-01,Australia West Coast,East Coast India,Iron Ore,Capesize,170000.0,1310.0,588.0,106.9,105.1,27.4096,1.6,2.0,0.5,9.738725691053645,12.028077049989111,SYN0102,synthetic,regression_residual_bootstrap_v2
2034-07-01,Australia West Coast,East Coast India,Iron Ore,Capesize,170000.0,1970.0,646.0,112.6,102.5,31.1136,2.1,4.0,2.5,12.028077049989111,12.148423114996733,SYN0102,synthetic,regression_residual_bootstrap_v2
2034-08-01,Australia West Coast,East Coast India,Iron Ore,Capesize,170000.0,1880.0,648.0,142.1,100.5,30.0024,2.0,4.0,2.5,12.148423114996733,11.728779530829375,SYN0102,synthetic,regression_residual_bootstrap_v2
2034-09-01,Australia West Coast,East Coast India,Iron Ore,Capesize,170000.0,1740.0,630.0,146.6,101.4,33.336,2.3,5.0,3.5,11.728779530829375,11.35535144532312,SYN0102,synthetic,regression_residual_bootstrap_v2
2034-10-01,Australia West Coast,East Coast India,Iron Ore,Capesize,170000.0,1680.0,645.0,131.5,109.8,25.928,1.5,1.0,0.0,11.35535144532312,12.822323443979963,SYN0102,synthetic,regression_residual_bootstrap_v2
2034-11-01,Australia West Coast,East Coast India,Iron Ore,Capesize,170000.0,2080.0,652.0,109.0,92.3,50.93,3.7,3.0,3.0,12.822323443979963,10.107442983536597,SYN0102,synthetic,regression_residual_bootstrap_v2
2034-12-01,Australia West Coast,East Coast India,Iron Ore,Capesize,170000.0,1380.0,595.0,118.6,99.6,26.854000000000003,1.6,2.0,0.5,10.107442983536597,10.151268596051104,SYN0102,synthetic,regression_residual_bootstrap_v2
2035-01-01,Australia West Coast,East Coast India,Iron Ore,Capesize,170000.0,1500.0,614.0,106.3,103.3,44.8184,3.1,3.0,2.0,10.151268596051104,9.830209063213719,SYN0102,synthetic,regression_residual_bootstrap_v2
2035-02-01,Australia West Coast,East Coast India,Iron Ore,Capesize,170000.0,1420.0,615.0,137.6,106.9,54.634,4.1,2.0,3.5,9.830209063213719,9.458082113768347,SYN0102,synthetic,regression_residual_bootstrap_v2
2035-03-01,Australia West Coast,East Coast India,Iron Ore,Capesize,170000.0,1380.0,595.0,118.6,99.6,26.854000000000003,1.6,2.0,0.5,9.458082113768347,10.775224664902666,SYN0102,synthetic,regression_residual_bootstrap_v2
2035-04-01,Australia West Coast,East Coast India,Iron Ore,Capesize,170000.0,1740.0,630.0,146.6,101.4,33.336,2.3,5.0,3.5,10.775224664902666,13.061120141535378,SYN0102,synthetic,regression_residual_bootstrap_v2
2035-05-01,Australia West Coast,East Coast India,Iron Ore,Capesize,170000.0,2150.0,658.0,104.4,97.0,41.4848,3.0,5.0,2.5,13.061120141535378,11.918193408598686,SYN0102,synthetic,regression_residual_bootstrap_v2
2035-06-01,Australia West Coast,East Coast India,Iron Ore,Capesize,170000.0,1740.0,630.0,146.6,101.4,33.336,2.3,5.0,3.5,11.918193408598686,10.383851786690599,SYN0102,synthetic,regression_residual_bootstrap_v2
2035-07-01,Australia West Coast,East Coast India,Iron Ore,Capesize,170000.0,1390.0,610.0,139.2,92.8,43.522000000000006,3.0,3.0,2.0,10.383851786690599,12.125298169869108,SYN0102,synthetic,regression_residual_bootstrap_v2
2035-08-01,Australia West Coast,East Coast India,Iron Ore,Capesize,170000.0,1970.0,646.0,112.6,102.5,31.1136,2.1,4.0,2.5,12.125298169869108,9.898335401303342,SYN0102,synthetic,regression_residual_bootstrap_v2
2035-09-01,Australia West Coast,East Coast India,Iron Ore,Capesize,170000.0,1380.0,595.0,118.6,99.6,26.854000000000003,1.6,2.0,0.5,9.898335401303342,9.182804886440236,SYN0102,synthetic,regression_residual_bootstrap_v2
2035-10-01,Australia West Coast,East Coast India,Iron Ore,Capesize,170000.0,1350.0,605.0,145.8,99.9,51.856,3.9,2.0,3.0,9.182804886440236,9.395121742448293,SYN0102,synthetic,regression_residual_bootstrap_v2
2035-11-01,Australia West Coast,East Coast India,Iron Ore,Capesize,170000.0,1390.0,610.0,139.2,92.8,43.522000000000006,3.0,3.0,2.0,9.395121742448293,12.85048214280081,SYN0102,synthetic,regression_residual_bootstrap_v2
2035-12-01,Australia West Coast,East Coast India,Iron Ore,Capesize,170000.0,2150.0,658.0,104.4,97.0,41.4848,3.0,5.0,2.5,12.85048214280081,13.419103437309694,SYN0102,synthetic,regression_residual_bootstrap_v2
2036-01-01,Australia West Coast,East Coast India,Iron Ore,Capesize,170000.0,2080.0,652.0,109.0,92.3,50.93,3.7,3.0,3.0,13.419103437309694,12.203945367993438,SYN0102,synthetic,regression_residual_bootstrap_v2
2036-02-01,Australia West Coast,East Coast India,Iron Ore,Capesize,170000.0,1820.0,655.0,135.0,112.8,30.558,1.9,2.0,0.5,12.203945367993438,12.448871211020366,SYN0102,synthetic,regression_residual_bootstrap_v2
2036-03-01,Australia West Coast,East Coast India,Iron Ore,Capesize,170000.0,1890.0,642.0,135.1,107.5,48.152,3.5,3.0,2.5,12.448871211020366,9.913683639738371,SYN0102,synthetic,regression_residual_bootstrap_v2
2036-04-01,Australia West Coast,East Coast India,Iron Ore,Capesize,170000.0,1350.0,605.0,145.8,99.9,51.856,3.9,2.0,3.0,9.913683639738371,10.236233035758055,SYN0102,synthetic,regression_residual_bootstrap_v2
2036-05-01,Australia West Coast,East Coast India,Iron Ore,Capesize,170000.0,1540.0,620.0,112.9,97.3,57.412000000000006,4.3,2.0,4.0,10.236233035758055,11.858557511349751,SYN0102,synthetic,regression_residual_bootstrap_v2
2036-06-01,Australia West Coast,East Coast India,Iron Ore,Capesize,170000.0,1890.0,642.0,135.1,107.5,48.152,3.5,3.0,2.5,11.858557511349751,11.521790135360803,SYN0102,synthetic,regression_residual_bootstrap_v2
2036-07-01,Australia West Coast,East Coast India,Iron Ore,Capesize,170000.0,1820.0,655.0,135.0,112.8,30.558,1.9,2.0,0.5,11.521790135360803,13.159012513116618,SYN0102,synthetic,regression_residual_bootstrap_v2
2036-08-01,Australia West Coast,East Coast India,Iron Ore,Capesize,170000.0,2080.0,652.0,109.0,92.3,50.93,3.7,3.0,3.0,13.159012513116618,10.384591152449463,SYN0102,synthetic,regression_residual_bootstrap_v2
2036-09-01,Australia West Coast,East Coast India,Iron Ore,Capesize,170000.0,1390.0,610.0,139.2,92.8,43.522000000000006,3.0,3.0,2.0,10.384591152449463,9.671362889493068,SYN0102,synthetic,regression_residual_bootstrap_v2
2036-10-01,Australia West Coast,East Coast India,Iron Ore,Capesize,170000.0,1310.0,588.0,106.9,105.1,27.4096,1.6,2.0,0.5,9.671362889493068,11.627992926309357,SYN0102,synthetic,regression_residual_bootstrap_v2
2036-11-01,Australia West Coast,East Coast India,Iron Ore,Capesize,170000.0,1980.0,640.0,98.6,97.2,31.8544,2.0,2.0,0.5,11.627992926309357,12.25727422947432,SYN0102,synthetic,regression_residual_bootstrap_v2
2036-12-01,Australia West Coast,East Coast India,Iron Ore,Capesize,170000.0,1910.0,650.0,129.8,102.2,27.78,1.8,2.0,1.0,12.25727422947432,12.55555818768249,SYN0102,synthetic,regression_residual_bootstrap_v2
2037-01-01,Australia West Coast,East Coast India,Iron Ore,Capesize,170000.0,1950.0,660.0,142.0,118.9,38.892,2.8,4.0,2.0,12.55555818768249,10.321759574879996,SYN0102,synthetic,regression_residual_bootstrap_v2
2037-02-01,Australia West Coast,East Coast India,Iron Ore,Capesize,170000.0,1390.0,610.0,139.2,92.8,43.522000000000006,3.0,3.0,2.0,10.321759574879996,12.519829517999742,SYN0102,synthetic,regression_residual_bootstrap_v2
2037-03-01,Australia West Coast,East Coast India,Iron Ore,Capesize,170000.0,1980.0,640.0,98.6,97.2,31.8544,2.0,2.0,0.5,12.519829517999742,10.143820911563381,SYN0102,synthetic,regression_residual_bootstrap_v2
2037-04-01,Australia West Coast,East Coast India,Iron Ore,Capesize,170000.0,1310.0,588.0,106.9,105.1,27.4096,1.6,2.0,0.5,10.143820911563381,9.3589761958135,SYN0102,synthetic,regression_residual_bootstrap_v2
2037-05-01,Australia West Coast,East Coast India,Iron Ore,Capesize,170000.0,1350.0,605.0,145.8,99.9,51.856,3.9,2.0,3.0,9.3589761958135,9.257413561141094,SYN0102,synthetic,regression_residual_bootstrap_v2
2037-06-01,Australia West Coast,East Coast India,Iron Ore,Capesize,170000.0,1360.0,592.0,104.0,100.1,25.557600000000004,1.5,1.0,0.0,9.257413561141094,9.147224068342327,SYN0102,synthetic,regression_residual_bootstrap_v2
2037-07-01,Australia West Coast,East Coast India,Iron Ore,Capesize,170000.0,1360.0,592.0,104.0,100.1,25.557600000000004,1.5,1.0,0.0,9.147224068342327,9.875508204463499,SYN0102,synthetic,regression_residual_bootstrap_v2
2037-08-01,Australia West Coast,East Coast India,Iron Ore,Capesize,170000.0,1560.0,638.0,124.2,124.4,28.1504,1.7,2.0,0.5,9.875508204463499,11.64265246133905,SYN0102,synthetic,regression_residual_bootstrap_v2
2037-09-01,Australia West Coast,East Coast India,Iron Ore,Capesize,170000.0,1910.0,650.0,129.8,102.2,27.78,1.8,2.0,1.0,11.64265246133905,10.454191639922177,SYN0102,synthetic,regression_residual_bootstrap_v2
2037-10-01,Australia West Coast,East Coast India,Iron Ore,Capesize,170000.0,1540.0,620.0,112.9,97.3,57.412000000000006,4.3,2.0,4.0,10.454191639922177,9.598349036893726,SYN0102,synthetic,regression_residual_bootstrap_v2
2037-11-01,Australia West Coast,East Coast India,Iron Ore,Capesize,170000.0,1350.0,605.0,145.8,99.9,51.856,3.9,2.0,3.0,9.598349036893726,9.38852410587235,SYN0102,synthetic,regression_residual_bootstrap_v2
2037-12-01,Australia West Coast,East Coast India,Iron Ore,Capesize,170000.0,1380.0,595.0,118.6,99.6,26.854000000000003,1.6,2.0,0.5,9.38852410587235,9.462390011578147,SYN0102,synthetic,regression_residual_bootstrap_v2
2038-01-01,Australia West Coast,East Coast India,Iron Ore,Capesize,170000.0,1420.0,615.0,137.6,106.9,54.634,4.1,2.0,3.5,9.462390011578147,11.607593355054956,SYN0102,synthetic,regression_residual_bootstrap_v2
2038-02-01,Australia West Coast,East Coast India,Iron Ore,Capesize,170000.0,1910.0,650.0,129.8,102.2,27.78,1.8,2.0,1.0,11.607593355054956,12.057135704154359,SYN0102,synthetic,regression_residual_bootstrap_v2
2038-03-01,Australia West Coast,East Coast India,Iron Ore,Capesize,170000.0,1850.0,635.0,107.5,103.5,34.817600000000006,2.4,5.0,4.0,12.057135704154359,10.084898213121395,SYN0102,synthetic,regression_residual_bootstrap_v2
2038-04-01,Australia West Coast,East Coast India,Iron Ore,Capesize,170000.0,1380.0,595.0,118.6,99.6,26.854000000000003,1.6,2.0,0.5,10.084898213121395,9.227844106052494,SYN0102,synthetic,regression_residual_bootstrap_v2
2038-06-01,Australia West Coast,East Coast India,Iron Ore,Capesize,170000.0,1820.0,655.0,135.0,112.8,30.558,1.9,2.0,0.5,11.4,9.73061978574175,SYN0103,synthetic,regression_residual_bootstrap_v2
2038-07-01,Australia West Coast,East Coast India,Iron Ore,Capesize,170000.0,1310.0,588.0,106.9,105.1,27.4096,1.6,2.0,0.5,9.73061978574175,8.9860900953874,SYN0103,synthetic,regression_residual_bootstrap_v2
2038-08-01,Australia West Coast,East Coast India,Iron Ore,Capesize,170000.0,1310.0,588.0,106.9,105.1,27.4096,1.6,2.0,0.5,8.9860900953874,11.86582702861622,SYN0103,synthetic,regression_residual_bootstrap_v2
2038-09-01,Australia West Coast,East Coast India,Iron Ore,Capesize,170000.0,1980.0,640.0,98.6,97.2,31.8544,2.0,2.0,0.5,11.86582702861622,9.88701116910355,SYN0103,synthetic,regression_residual_bootstrap_v2
2038-10-01,Australia West Coast,East Coast India,Iron Ore,Capesize,170000.0,1350.0,605.0,145.8,99.9,51.856,3.9,2.0,3.0,9.88701116910355,12.381821361114092,SYN0103,synthetic,regression_residual_bootstrap_v2
2038-11-01,Australia West Coast,East Coast India,Iron Ore,Capesize,170000.0,2080.0,652.0,109.0,92.3,50.93,3.7,3.0,3.0,12.381821361114092,11.004266131818003,SYN0103,synthetic,regression_residual_bootstrap_v2
2038-12-01,Australia West Coast,East Coast India,Iron Ore,Capesize,170000.0,1540.0,620.0,112.9,97.3,57.412000000000006,4.3,2.0,4.0,11.004266131818003,9.63953474339305,SYN0103,synthetic,regression_residual_bootstrap_v2
2039-01-01,Australia West Coast,East Coast India,Iron Ore,Capesize,170000.0,1360.0,592.0,104.0,100.1,25.557600000000004,1.5,1.0,0.0,9.63953474339305,9.219123483536599,SYN0103,synthetic,regression_residual_bootstrap_v2
2039-02-01,Australia West Coast,East Coast India,Iron Ore,Capesize,170000.0,1350.0,605.0,145.8,99.9,51.856,3.9,2.0,3.0,9.219123483536599,11.50511725931923,SYN0103,synthetic,regression_residual_bootstrap_v2
2039-03-01,Australia West Coast,East Coast India,Iron Ore,Capesize,170000.0,1950.0,660.0,142.0,118.9,38.892,2.8,4.0,2.0,11.50511725931923,11.292072148049247,SYN0103,synthetic,regression_residual_bootstrap_v2
2039-04-01,Australia West Coast,East Coast India,Iron Ore,Capesize,170000.0,1740.0,630.0,146.6,101.4,33.336,2.3,5.0,3.5,11.292072148049247,10.020313214823705,SYN0103,synthetic,regression_residual_bootstrap_v2
2039-05-01,Australia West Coast,East Coast India,Iron Ore,Capesize,170000.0,1380.0,595.0,118.6,99.6,26.854000000000003,1.6,2.0,0.5,10.020313214823705,10.901034878995327,SYN0103,synthetic,regression_residual_bootstrap_v2
2039-06-01,Australia West Coast,East Coast India,Iron Ore,Capesize,170000.0,1740.0,630.0,146.6,101.4,33.336,2.3,5.0,3.5,10.901034878995327,12.204530725140987,SYN0103,synthetic,regression_residual_bootstrap_v2
2039-07-01,Australia West Coast,East Coast India,Iron Ore,Capesize,170000.0,1980.0,640.0,98.6,97.2,31.8544,2.0,2.0,0.5,12.204530725140987,10.262323516552176,SYN0103,synthetic,regression_residual_bootstrap_v2
2039-08-01,Australia West Coast,East Coast India,Iron Ore,Capesize,170000.0,1380.0,595.0,118.6,99.6,26.854000000000003,1.6,2.0,0.5,10.262323516552176,12.035206581425546,SYN0103,synthetic,regression_residual_bootstrap_v2
2039-09-01,Australia West Coast,East Coast India,Iron Ore,Capesize,170000.0,1970.0,646.0,112.6,102.5,31.1136,2.1,4.0,2.5,12.035206581425546,12.45512267444044,SYN0103,synthetic,regression_residual_bootstrap_v2
2039-10-01,Australia West Coast,East Coast India,Iron Ore,Capesize,170000.0,1950.0,660.0,142.0,118.9,38.892,2.8,4.0,2.0,12.45512267444044,10.163832523226016,SYN0103,synthetic,regression_residual_bootstrap_v2
2039-11-01,Australia West Coast,East Coast India,Iron Ore,Capesize,170000.0,1350.0,605.0,145.8,99.9,51.856,3.9,2.0,3.0,10.163832523226016,12.163544987160087,SYN0103,synthetic,regression_residual_bootstrap_v2
2039-12-01,Australia West Coast,East Coast India,Iron Ore,Capesize,170000.0,1970.0,646.0,112.6,102.5,31.1136,2.1,4.0,2.5,12.163544987160087,12.278652136120382,SYN0103,synthetic,regression_residual_bootstrap_v2
2040-01-01,Australia West Coast,East Coast India,Iron Ore,Capesize,170000.0,1950.0,660.0,142.0,118.9,38.892,2.8,4.0,2.0,12.278652136120382,10.65875896003132,SYN0103,synthetic,regression_residual_bootstrap_v2
2040-02-01,Australia West Coast,East Coast India,Iron Ore,Capesize,170000.0,1500.0,614.0,106.3,103.3,44.8184,3.1,3.0,2.0,10.65875896003132,11.951500069804315,SYN0103,synthetic,regression_residual_bootstrap_v2
2040-03-01,Australia West Coast,East Coast India,Iron Ore,Capesize,170000.0,1890.0,642.0,135.1,107.5,48.152,3.5,3.0,2.5,11.951500069804315,9.87713704307501,SYN0103,synthetic,regression_residual_bootstrap_v2
2040-04-01,Australia West Coast,East Coast India,Iron Ore,Capesize,170000.0,1390.0,610.0,139.2,92.8,43.522000000000006,3.0,3.0,2.0,9.87713704307501,11.039457821733592,SYN0103,synthetic,regression_residual_bootstrap_v2
2040-05-01,Australia West Coast,East Coast India,Iron Ore,Capesize,170000.0,1740.0,630.0,146.6,101.4,33.336,2.3,5.0,3.5,11.039457821733592,11.441614941873087,SYN0103,synthetic,regression_residual_bootstrap_v2
2040-06-01,Australia West Coast,East Coast India,Iron Ore,Capesize,170000.0,1740.0,630.0,146.6,101.4,33.336,2.3,5.0,3.5,11.441614941873087,12.882484482561926,SYN0103,synthetic,regression_residual_bootstrap_v2
2040-07-01,Australia West Coast,East Coast India,Iron Ore,Capesize,170000.0,2080.0,652.0,109.0,92.3,50.93,3.7,3.0,3.0,12.882484482561926,10.067119986884652,SYN0103,synthetic,regression_residual_bootstrap_v2
2040-08-01,Australia West Coast,East Coast India,Iron Ore,Capesize,170000.0,1350.0,605.0,145.8,99.9,51.856,3.9,2.0,3.0,10.067119986884652,11.571569134239592,SYN0103,synthetic,regression_residual_bootstrap_v2
2040-09-01,Australia West Coast,East Coast India,Iron Ore,Capesize,170000.0,1850.0,635.0,107.5,103.5,34.817600000000006,2.4,5.0,4.0,11.571569134239592,11.244753154197568,SYN0103,synthetic,regression_residual_bootstrap_v2
2040-10-01,Australia West Coast,East Coast India,Iron Ore,Capesize,170000.0,1820.0,655.0,135.0,112.8,30.558,1.9,2.0,0.5,11.244753154197568,10.537900947236615,SYN0103,synthetic,regression_residual_bootstrap_v2
2040-11-01,Australia West Coast,East Coast India,Iron Ore,Capesize,170000.0,1500.0,614.0,106.3,103.3,44.8184,3.1,3.0,2.0,10.537900947236615,9.853570253398823,SYN0103,synthetic,regression_residual_bootstrap_v2
2040-12-01,Australia West Coast,East Coast India,Iron Ore,Capesize,170000.0,1420.0,615.0,137.6,106.9,54.634,4.1,2.0,3.5,9.853570253398823,12.712007435069944,SYN0103,synthetic,regression_residual_bootstrap_v2
2041-01-01,Australia West Coast,East Coast India,Iron Ore,Capesize,170000.0,2080.0,652.0,109.0,92.3,50.93,3.7,3.0,3.0,12.712007435069944,12.369198286226247,SYN0103,synthetic,regression_residual_bootstrap_v2
2041-02-01,Australia West Coast,East Coast India,Iron Ore,Capesize,170000.0,1890.0,642.0,135.1,107.5,48.152,3.5,3.0,2.5,12.369198286226247,12.902406986481864,SYN0103,synthetic,regression_residual_bootstrap_v2
2041-03-01,Australia West Coast,East Coast India,Iron Ore,Capesize,170000.0,1970.0,646.0,112.6,102.5,31.1136,2.1,4.0,2.5,12.902406986481864,12.973493244977037,SYN0103,synthetic,regression_residual_bootstrap_v2
2041-04-01,Australia West Coast,East Coast India,Iron Ore,Capesize,170000.0,1970.0,646.0,112.6,102.5,31.1136,2.1,4.0,2.5,12.973493244977037,12.583672054652915,SYN0103,synthetic,regression_residual_bootstrap_v2
2041-05-01,Australia West Coast,East Coast India,Iron Ore,Capesize,170000.0,1910.0,650.0,129.8,102.2,27.78,1.8,2.0,1.0,12.583672054652915,11.999735858379395,SYN0103,synthetic,regression_residual_bootstrap_v2
2041-06-01,Australia West Coast,East Coast India,Iron Ore,Capesize,170000.0,1820.0,655.0,135.0,112.8,30.558,1.9,2.0,0.5,11.999735858379395,10.319002141607173,SYN0103,synthetic,regression_residual_bootstrap_v2
2041-07-01,Australia West Coast,East Coast India,Iron Ore,Capesize,170000.0,1350.0,605.0,145.8,99.9,51.856,3.9,2.0,3.0,10.319002141607173,12.189241299809135,SYN0103,synthetic,regression_residual_bootstrap_v2
2041-08-01,Australia West Coast,East Coast India,Iron Ore,Capesize,170000.0,1980.0,640.0,98.6,97.2,31.8544,2.0,2.0,0.5,12.189241299809135,10.085048716032395,SYN0103,synthetic,regression_residual_bootstrap_v2
2041-09-01,Australia West Coast,East Coast India,Iron Ore,Capesize,170000.0,1350.0,605.0,145.8,99.9,51.856,3.9,2.0,3.0,10.085048716032395,12.719796604426692,SYN0103,synthetic,regression_residual_bootstrap_v2
2041-10-01,Australia West Coast,East Coast India,Iron Ore,Capesize,170000.0,2150.0,658.0,104.4,97.0,41.4848,3.0,5.0,2.5,12.719796604426692,12.213047204728861,SYN0103,synthetic,regression_residual_bootstrap_v2
2041-11-01,Australia West Coast,East Coast India,Iron Ore,Capesize,170000.0,1880.0,648.0,142.1,100.5,30.0024,2.0,4.0,2.5,12.213047204728861,10.480254975569993,SYN0103,synthetic,regression_residual_bootstrap_v2
2041-12-01,Australia West Coast,East Coast India,Iron Ore,Capesize,170000.0,1460.0,608.0,112.2,99.7,53.708000000000006,4.0,2.0,3.5,10.480254975569993,11.773665132643355,SYN0103,synthetic,regression_residual_bootstrap_v2
2042-01-01,Australia West Coast,East Coast India,Iron Ore,Capesize,170000.0,1950.0,660.0,142.0,118.9,38.892,2.8,4.0,2.0,11.773665132643355,12.284991316392153,SYN0103,synthetic,regression_residual_bootstrap_v2
2042-02-01,Australia West Coast,East Coast India,Iron Ore,Capesize,170000.0,1890.0,642.0,135.1,107.5,48.152,3.5,3.0,2.5,12.284991316392153,9.838231476927007,SYN0103,synthetic,regression_residual_bootstrap_v2
2042-03-01,Australia West Coast,East Coast India,Iron Ore,Capesize,170000.0,1310.0,588.0,106.9,105.1,27.4096,1.6,2.0,0.5,9.838231476927007,10.951326809216173,SYN0103,synthetic,regression_residual_bootstrap_v2
2042-04-01,Australia West Coast,East Coast India,Iron Ore,Capesize,170000.0,1740.0,630.0,146.6,101.4,33.336,2.3,5.0,3.5,10.951326809216173,11.498408203588568,SYN0103,synthetic,regression_residual_bootstrap_v2
2042-05-01,Australia West Coast,East Coast India,Iron Ore,Capesize,170000.0,1820.0,655.0,135.0,112.8,30.558,1.9,2.0,0.5,11.498408203588568,12.38374272251896,SYN0103,synthetic,regression_residual_bootstrap_v2
2042-06-01,Australia West Coast,East Coast India,Iron Ore,Capesize,170000.0,1980.0,640.0,98.6,97.2,31.8544,2.0,2.0,0.5,12.38374272251896,9.782026976420562,SYN0103,synthetic,regression_residual_bootstrap_v2
2042-08-01,Australia West Coast,East Coast India,Iron Ore,Capesize,170000.0,1380.0,595.0,118.6,99.6,26.854000000000003,1.6,2.0,0.5,12.9,10.215520821838288,SYN0104,synthetic,regression_residual_bootstrap_v2
2042-09-01,Australia West Coast,East Coast India,Iron Ore,Capesize,170000.0,1360.0,592.0,104.0,100.1,25.557600000000004,1.5,1.0,0.0,10.215520821838288,9.473115056019386,SYN0104,synthetic,regression_residual_bootstrap_v2
2042-10-01,Australia West Coast,East Coast India,Iron Ore,Capesize,170000.0,1360.0,592.0,104.0,100.1,25.557600000000004,1.5,1.0,0.0,9.473115056019386,12.79662786645043,SYN0104,synthetic,regression_residual_bootstrap_v2
2042-11-01,Australia West Coast,East Coast India,Iron Ore,Capesize,170000.0,2150.0,658.0,104.4,97.0,41.4848,3.0,5.0,2.5,12.79662786645043,12.259271457134133,SYN0104,synthetic,regression_residual_bootstrap_v2
2042-12-01,Australia West Coast,East Coast India,Iron Ore,Capesize,170000.0,1910.0,650.0,129.8,102.2,27.78,1.8,2.0,1.0,12.259271457134133,10.348093395118395,SYN0104,synthetic,regression_residual_bootstrap_v2
2043-01-01,Australia West Coast,East Coast India,Iron Ore,Capesize,170000.0,1420.0,615.0,137.6,106.9,54.634,4.1,2.0,3.5,10.348093395118395,11.541902362240263,SYN0104,synthetic,regression_residual_bootstrap_v2
2043-02-01,Australia West Coast,East Coast India,Iron Ore,Capesize,170000.0,1850.0,635.0,107.5,103.5,34.817600000000006,2.4,5.0,4.0,11.541902362240263,12.142570708672078,SYN0104,synthetic,regression_residual_bootstrap_v2
2043-03-01,Australia West Coast,East Coast India,Iron Ore,Capesize,170000.0,1910.0,650.0,129.8,102.2,27.78,1.8,2.0,1.0,12.142570708672078,10.96783714406778,SYN0104,synthetic,regression_residual_bootstrap_v2
2043-04-01,Australia West Coast,East Coast India,Iron Ore,Capesize,170000.0,1540.0,620.0,112.9,97.3,57.412000000000006,4.3,2.0,4.0,10.96783714406778,12.713652788756077,SYN0104,synthetic,regression_residual_bootstrap_v2
2043-05-01,Australia West Coast,East Coast India,Iron Ore,Capesize,170000.0,1980.0,640.0,98.6,97.2,31.8544,2.0,2.0,0.5,12.713652788756077,10.755325069180767,SYN0104,synthetic,regression_residual_bootstrap_v2
2043-06-01,Australia West Coast,East Coast India,Iron Ore,Capesize,170000.0,1460.0,608.0,112.2,99.7,53.708000000000006,4.0,2.0,3.5,10.755325069180767,9.635584255183263,SYN0104,synthetic,regression_residual_bootstrap_v2
2043-07-01,Australia West Coast,East Coast India,Iron Ore,Capesize,170000.0,1380.0,595.0,118.6,99.6,26.854000000000003,1.6,2.0,0.5,9.635584255183263,8.940883702269087,SYN0104,synthetic,regression_residual_bootstrap_v2
2043-08-01,Australia West Coast,East Coast India,Iron Ore,Capesize,170000.0,1310.0,588.0,106.9,105.1,27.4096,1.6,2.0,0.5,8.940883702269087,11.425675813435769,SYN0104,synthetic,regression_residual_bootstrap_v2
2043-09-01,Australia West Coast,East Coast India,Iron Ore,Capesize,170000.0,1850.0,635.0,107.5,103.5,34.817600000000006,2.4,5.0,4.0,11.425675813435769,12.36192300547312,SYN0104,synthetic,regression_residual_bootstrap_v2
2043-10-01,Australia West Coast,East Coast India,Iron Ore,Capesize,170000.0,1980.0,640.0,98.6,97.2,31.8544,2.0,2.0,0.5,12.36192300547312,12.494324305311581,SYN0104,synthetic,regression_residual_bootstrap_v2
2043-11-01,Australia West Coast,East Coast India,Iron Ore,Capesize,170000.0,1950.0,660.0,142.0,118.9,38.892,2.8,4.0,2.0,12.494324305311581,12.685287130769758,SYN0104,synthetic,regression_residual_bootstrap_v2
2043-12-01,Australia West Coast,East Coast India,Iron Ore,Capesize,170000.0,1910.0,650.0,129.8,102.2,27.78,1.8,2.0,1.0,12.685287130769758,12.965506368445865,SYN0104,synthetic,regression_residual_bootstrap_v2
2044-01-01,Australia West Coast,East Coast India,Iron Ore,Capesize,170000.0,1970.0,646.0,112.6,102.5,31.1136,2.1,4.0,2.5,12.965506368445865,12.430632515729531,SYN0104,synthetic,regression_residual_bootstrap_v2
2044-02-01,Australia West Coast,East Coast India,Iron Ore,Capesize,170000.0,1880.0,648.0,142.1,100.5,30.0024,2.0,4.0,2.5,12.430632515729531,10.379189754718862,SYN0104,synthetic,regression_residual_bootstrap_v2
2044-03-01,Australia West Coast,East Coast India,Iron Ore,Capesize,170000.0,1420.0,615.0,137.6,106.9,54.634,4.1,2.0,3.5,10.379189754718862,12.736486488331165,SYN0104,synthetic,regression_residual_bootstrap_v2
2044-04-01,Australia West Coast,East Coast India,Iron Ore,Capesize,170000.0,2080.0,652.0,109.0,92.3,50.93,3.7,3.0,3.0,12.736486488331165,13.18070693470811,SYN0104,synthetic,regression_residual_bootstrap_v2
2044-05-01,Australia West Coast,East Coast India,Iron Ore,Capesize,170000.0,1970.0,646.0,112.6,102.5,31.1136,2.1,4.0,2.5,13.18070693470811,12.832587999252627,SYN0104,synthetic,regression_residual_bootstrap_v2
2044-06-01,Australia West Coast,East Coast India,Iron Ore,Capesize,170000.0,1950.0,660.0,142.0,118.9,38.892,2.8,4.0,2.0,12.832587999252627,11.934028996106143,SYN0104,synthetic,regression_residual_bootstrap_v2
2044-07-01,Australia West Coast,East Coast India,Iron Ore,Capesize,170000.0,1740.0,630.0,146.6,101.4,33.336,2.3,5.0,3.5,11.934028996106143,10.54486249084946,SYN0104,synthetic,regression_residual_bootstrap_v2
2044-08-01,Australia West Coast,East Coast India,Iron Ore,Capesize,170000.0,1460.0,608.0,112.2,99.7,53.708000000000006,4.0,2.0,3.5,10.54486249084946,11.861344450987225,SYN0104,synthetic,regression_residual_bootstrap_v2
2044-09-01,Australia West Coast,East Coast India,Iron Ore,Capesize,170000.0,1850.0,635.0,107.5,103.5,34.817600000000006,2.4,5.0,4.0,11.861344450987225,12.130148431448518,SYN0104,synthetic,regression_residual_bootstrap_v2
2044-10-01,Australia West Coast,East Coast India,Iron Ore,Capesize,170000.0,1850.0,635.0,107.5,103.5,34.817600000000006,2.4,5.0,4.0,12.130148431448518,12.285328903357676,SYN0104,synthetic,regression_residual_bootstrap_v2
2044-11-01,Australia West Coast,East Coast India,Iron Ore,Capesize,170000.0,1950.0,660.0,142.0,118.9,38.892,2.8,4.0,2.0,12.285328903357676,12.473286271629638,SYN0104,synthetic,regression_residual_bootstrap_v2
2044-12-01,Australia West Coast,East Coast India,Iron Ore,Capesize,170000.0,1890.0,642.0,135.1,107.5,48.152,3.5,3.0,2.5,12.473286271629638,10.026084197515313,SYN0104,synthetic,regression_residual_bootstrap_v2
2045-01-01,Australia West Coast,East Coast India,Iron Ore,Capesize,170000.0,1380.0,595.0,118.6,99.6,26.854000000000003,1.6,2.0,0.5,10.026084197515313,11.708513577472454,SYN0104,synthetic,regression_residual_bootstrap_v2
2045-02-01,Australia West Coast,East Coast India,Iron Ore,Capesize,170000.0,1950.0,660.0,142.0,118.9,38.892,2.8,4.0,2.0,11.708513577472454,10.148884043296043,SYN0104,synthetic,regression_residual_bootstrap_v2
2045-03-01,Australia West Coast,East Coast India,Iron Ore,Capesize,170000.0,1460.0,608.0,112.2,99.7,53.708000000000006,4.0,2.0,3.5,10.148884043296043,9.495366520581626,SYN0104,synthetic,regression_residual_bootstrap_v2
2045-04-01,Australia West Coast,East Coast India,Iron Ore,Capesize,170000.0,1360.0,592.0,104.0,100.1,25.557600000000004,1.5,1.0,0.0,9.495366520581626,9.832039157956268,SYN0104,synthetic,regression_residual_bootstrap_v2
2045-05-01,Australia West Coast,East Coast India,Iron Ore,Capesize,170000.0,1460.0,608.0,112.2,99.7,53.708000000000006,4.0,2.0,3.5,9.832039157956268,10.949469113524952,SYN0104,synthetic,regression_residual_bootstrap_v2
2045-06-01,Australia West Coast,East Coast India,Iron Ore,Capesize,170000.0,1740.0,630.0,146.6,101.4,33.336,2.3,5.0,3.5,10.949469113524952,13.040777093107783,SYN0104,synthetic,regression_residual_bootstrap_v2
2045-07-01,Australia West Coast,East Coast India,Iron Ore,Capesize,170000.0,2080.0,652.0,109.0,92.3,50.93,3.7,3.0,3.0,13.040777093107783,11.031268828922459,SYN0104,synthetic,regression_residual_bootstrap_v2
2045-08-01,Australia West Coast,East Coast India,Iron Ore,Capesize,170000.0,1500.0,614.0,106.3,103.3,44.8184,3.1,3.0,2.0,11.031268828922459,12.001004729836541,SYN0104,synthetic,regression_residual_bootstrap_v2
2045-09-01,Australia West Coast,East Coast India,Iron Ore,Capesize,170000.0,1910.0,650.0,129.8,102.2,27.78,1.8,2.0,1.0,12.001004729836541,9.927564479469646,SYN0104,synthetic,regression_residual_bootstrap_v2
2045-10-01,Australia West Coast,East Coast India,Iron Ore,Capesize,170000.0,1350.0,605.0,145.8,99.9,51.856,3.9,2.0,3.0,9.927564479469646,12.00558544561841,SYN0104,synthetic,regression_residual_bootstrap_v2
2045-11-01,Australia West Coast,East Coast India,Iron Ore,Capesize,170000.0,1980.0,640.0,98.6,97.2,31.8544,2.0,2.0,0.5,12.00558544561841,12.049584088768452,SYN0104,synthetic,regression_residual_bootstrap_v2
2045-12-01,Australia West Coast,East Coast India,Iron Ore,Capesize,170000.0,1910.0,650.0,129.8,102.2,27.78,1.8,2.0,1.0,12.049584088768452,10.641963614260984,SYN0104,synthetic,regression_residual_bootstrap_v2
2046-01-01,Australia West Coast,East Coast India,Iron Ore,Capesize,170000.0,1560.0,638.0,124.2,124.4,28.1504,1.7,2.0,0.5,10.641963614260984,9.5487338690427,SYN0104,synthetic,regression_residual_bootstrap_v2
2046-02-01,Australia West Coast,East Coast India,Iron Ore,Capesize,170000.0,1310.0,588.0,106.9,105.1,27.4096,1.6,2.0,0.5,9.5487338690427,11.001572604584196,SYN0104,synthetic,regression_residual_bootstrap_v2
2046-03-01,Australia West Coast,East Coast India,Iron Ore,Capesize,170000.0,1820.0,655.0,135.0,112.8,30.558,1.9,2.0,0.5,11.001572604584196,10.787571013102733,SYN0104,synthetic,regression_residual_bootstrap_v2
2046-04-01,Australia West Coast,East Coast India,Iron Ore,Capesize,170000.0,1680.0,645.0,131.5,109.8,25.928,1.5,1.0,0.0,10.787571013102733,13.436330411591914,SYN0104,synthetic,regression_residual_bootstrap_v2
2046-05-01,Australia West Coast,East Coast India,Iron Ore,Capesize,170000.0,2150.0,658.0,104.4,97.0,41.4848,3.0,5.0,2.5,13.436330411591914,11.195833192011417,SYN0104,synthetic,regression_residual_bootstrap_v2
2046-06-01,Australia West Coast,East Coast India,Iron Ore,Capesize,170000.0,1460.0,608.0,112.2,99.7,53.708000000000006,4.0,2.0,3.5,11.195833192011417,9.748070353488018,SYN0104,synthetic,regression_residual_bootstrap_v2
2046-07-01,Australia West Coast,East Coast India,Iron Ore,Capesize,170000.0,1350.0,605.0,145.8,99.9,51.856,3.9,2.0,3.0,9.748070353488018,10.186549049882947,SYN0104,synthetic,regression_residual_bootstrap_v2
2046-08-01,Australia West Coast,East Coast India,Iron Ore,Capesize,170000.0,1540.0,620.0,112.9,97.3,57.412000000000006,4.3,2.0,4.0,10.186549049882947,12.225964714964885,SYN0104,synthetic,regression_residual_bootstrap_v2
2046-10-01,Australia West Coast,East Coast India,Iron Ore,Capesize,170000.0,2080.0,652.0,109.0,92.3,50.93,3.7,3.0,3.0,9.1,9.772242498124914,SYN0105,synthetic,regression_residual_bootstrap_v2
2046-11-01,Australia West Coast,East Coast India,Iron Ore,Capesize,170000.0,1460.0,608.0,112.2,99.7,53.708000000000006,4.0,2.0,3.5,9.772242498124914,9.402716819232417,SYN0105,synthetic,regression_residual_bootstrap_v2
2046-12-01,Australia West Coast,East Coast India,Iron Ore,Capesize,170000.0,1380.0,595.0,118.6,99.6,26.854000000000003,1.6,2.0,0.5,9.402716819232417,9.896872762722056,SYN0105,synthetic,regression_residual_bootstrap_v2
2047-01-01,Australia West Coast,East Coast India,Iron Ore,Capesize,170000.0,1460.0,608.0,112.2,99.7,53.708000000000006,4.0,2.0,3.5,9.896872762722056,11.260788384354994,SYN0105,synthetic,regression_residual_bootstrap_v2
2047-02-01,Australia West Coast,East Coast India,Iron Ore,Capesize,170000.0,1880.0,648.0,142.1,100.5,30.0024,2.0,4.0,2.5,11.260788384354994,9.705499575825183,SYN0105,synthetic,regression_residual_bootstrap_v2
2047-03-01,Australia West Coast,East Coast India,Iron Ore,Capesize,170000.0,1350.0,605.0,145.8,99.9,51.856,3.9,2.0,3.0,9.705499575825183,11.75522996756456,SYN0105,synthetic,regression_residual_bootstrap_v2
2047-04-01,Australia West Coast,East Coast India,Iron Ore,Capesize,170000.0,1950.0,660.0,142.0,118.9,38.892,2.8,4.0,2.0,11.75522996756456,12.279460766868514,SYN0105,synthetic,regression_residual_bootstrap_v2
2047-05-01,Australia West Coast,East Coast India,Iron Ore,Capesize,170000.0,1890.0,642.0,135.1,107.5,48.152,3.5,3.0,2.5,12.279460766868514,10.357262789524231,SYN0105,synthetic,regression_residual_bootstrap_v2
2047-06-01,Australia West Coast,East Coast India,Iron Ore,Capesize,170000.0,1420.0,615.0,137.6,106.9,54.634,4.1,2.0,3.5,10.357262789524231,9.558365540514139,SYN0105,synthetic,regression_residual_bootstrap_v2
2047-07-01,Australia West Coast,East Coast India,Iron Ore,Capesize,170000.0,1380.0,595.0,118.6,99.6,26.854000000000003,1.6,2.0,0.5,9.558365540514139,10.905342353301604,SYN0105,synthetic,regression_residual_bootstrap_v2
2047-08-01,Australia West Coast,East Coast India,Iron Ore,Capesize,170000.0,1740.0,630.0,146.6,101.4,33.336,2.3,5.0,3.5,10.905342353301604,11.776221038128005,SYN0105,synthetic,regression_residual_bootstrap_v2
2047-09-01,Australia West Coast,East Coast India,Iron Ore,Capesize,170000.0,1890.0,642.0,135.1,107.5,48.152,3.5,3.0,2.5,11.776221038128005,10.083834207936984,SYN0105,synthetic,regression_residual_bootstrap_v2
2047-10-01,Australia West Coast,East Coast India,Iron Ore,Capesize,170000.0,1350.0,605.0,145.8,99.9,51.856,3.9,2.0,3.0,10.083834207936984,12.821957908293323,SYN0105,synthetic,regression_residual_bootstrap_v2
2047-11-01,Australia West Coast,East Coast India,Iron Ore,Capesize,170000.0,2150.0,658.0,104.4,97.0,41.4848,3.0,5.0,2.5,12.821957908293323,10.141615312447579,SYN0105,synthetic,regression_residual_bootstrap_v2
2047-12-01,Australia West Coast,East Coast India,Iron Ore,Capesize,170000.0,1380.0,595.0,118.6,99.6,26.854000000000003,1.6,2.0,0.5,10.141615312447579,11.688669374906857,SYN0105,synthetic,regression_residual_bootstrap_v2
2048-01-01,Australia West Coast,East Coast India,Iron Ore,Capesize,170000.0,1910.0,650.0,129.8,102.2,27.78,1.8,2.0,1.0,11.688669374906857,10.58265852942439,SYN0105,synthetic,regression_residual_bootstrap_v2
2048-02-01,Australia West Coast,East Coast India,Iron Ore,Capesize,170000.0,1460.0,608.0,112.2,99.7,53.708000000000006,4.0,2.0,3.5,10.58265852942439,10.048502394807217,SYN0105,synthetic,regression_residual_bootstrap_v2
2048-03-01,Australia West Coast,East Coast India,Iron Ore,Capesize,170000.0,1420.0,615.0,137.6,106.9,54.634,4.1,2.0,3.5,10.048502394807217,9.064759144156273,SYN0105,synthetic,regression_residual_bootstrap_v2
2048-04-01,Australia West Coast,East Coast India,Iron Ore,Capesize,170000.0,1310.0,588.0,106.9,105.1,27.4096,1.6,2.0,0.5,9.064759144156273,10.700346359153526,SYN0105,synthetic,regression_residual_bootstrap_v2
2048-05-01,Australia West Coast,East Coast India,Iron Ore,Capesize,170000.0,1820.0,655.0,135.0,112.8,30.558,1.9,2.0,0.5,10.700346359153526,12.649174283812899,SYN0105,synthetic,regression_residual_bootstrap_v2
2048-06-01,Australia West Coast,East Coast India,Iron Ore,Capesize,170000.0,2080.0,652.0,109.0,92.3,50.93,3.7,3.0,3.0,12.649174283812899,9.996199543079292,SYN0105,synthetic,regression_residual_bootstrap_v2
2048-07-01,Australia West Coast,East Coast India,Iron Ore,Capesize,170000.0,1360.0,592.0,104.0,100.1,25.557600000000004,1.5,1.0,0.0,9.996199543079292,10.005449160168745,SYN0105,synthetic,regression_residual_bootstrap_v2
2048-08-01,Australia West Coast,East Coast India,Iron Ore,Capesize,170000.0,1500.0,614.0,106.3,103.3,44.8184,3.1,3.0,2.0,10.005449160168745,11.573379844202973,SYN0105,synthetic,regression_residual_bootstrap_v2
2048-09-01,Australia West Coast,East Coast India,Iron Ore,Capesize,170000.0,1850.0,635.0,107.5,103.5,34.817600000000006,2.4,5.0,4.0,11.573379844202973,11.570507587664375,SYN0105,synthetic,regression_residual_bootstrap_v2
2048-10-01,Australia West Coast,East Coast India,Iron Ore,Capesize,170000.0,1820.0,655.0,135.0,112.8,30.558,1.9,2.0,0.5,11.570507587664375,9.51594105582152,SYN0105,synthetic,regression_residual_bootstrap_v2
2048-11-01,Australia West Coast,East Coast India,Iron Ore,Capesize,170000.0,1360.0,592.0,104.0,100.1,25.557600000000004,1.5,1.0,0.0,9.51594105582152,11.25797467083423,SYN0105,synthetic,regression_residual_bootstrap_v2
2048-12-01,Australia West Coast,East Coast India,Iron Ore,Capesize,170000.0,1850.0,635.0,107.5,103.5,34.817600000000006,2.4,5.0,4.0,11.25797467083423,12.407392401250268,SYN0105,synthetic,regression_residual_bootstrap_v2
2049-01-01,Australia West Coast,East Coast India,Iron Ore,Capesize,170000.0,1970.0,646.0,112.6,102.5,31.1136,2.1,4.0,2.5,12.407392401250268,11.030712853623019,SYN0105,synthetic,regression_residual_bootstrap_v2
2049-02-01,Australia West Coast,East Coast India,Iron Ore,Capesize,170000.0,1540.0,620.0,112.9,97.3,57.412000000000006,4.3,2.0,4.0,11.030712853623019,12.078090207668417,SYN0105,synthetic,regression_residual_bootstrap_v2
2049-03-01,Australia West Coast,East Coast India,Iron Ore,Capesize,170000.0,1910.0,650.0,129.8,102.2,27.78,1.8,2.0,1.0,12.078090207668417,10.878289088146428,SYN0105,synthetic,regression_residual_bootstrap_v2
2049-04-01,Australia West Coast,East Coast India,Iron Ore,Capesize,170000.0,1540.0,620.0,112.9,97.3,57.412000000000006,4.3,2.0,4.0,10.878289088146428,12.007034160885736,SYN0105,synthetic,regression_residual_bootstrap_v2
2049-05-01,Australia West Coast,East Coast India,Iron Ore,Capesize,170000.0,1950.0,660.0,142.0,118.9,38.892,2.8,4.0,2.0,12.007034160885736,9.646899027787928,SYN0105,synthetic,regression_residual_bootstrap_v2
2049-06-01,Australia West Coast,East Coast India,Iron Ore,Capesize,170000.0,1360.0,592.0,104.0,100.1,25.557600000000004,1.5,1.0,0.0,9.646899027787928,9.323368400743565,SYN0105,synthetic,regression_residual_bootstrap_v2
2049-07-01,Australia West Coast,East Coast India,Iron Ore,Capesize,170000.0,1380.0,595.0,118.6,99.6,26.854000000000003,1.6,2.0,0.5,9.323368400743565,11.932376278239547,SYN0105,synthetic,regression_residual_bootstrap_v2
2049-08-01,Australia West Coast,East Coast India,Iron Ore,Capesize,170000.0,1950.0,660.0,142.0,118.9,38.892,2.8,4.0,2.0,11.932376278239547,11.020444925787944,SYN0105,synthetic,regression_residual_bootstrap_v2
2049-09-01,Australia West Coast,East Coast India,Iron Ore,Capesize,170000.0,1680.0,645.0,131.5,109.8,25.928,1.5,1.0,0.0,11.020444925787944,11.989821671376923,SYN0105,synthetic,regression_residual_bootstrap_v2
2049-10-01,Australia West Coast,East Coast India,Iron Ore,Capesize,170000.0,1910.0,650.0,129.8,102.2,27.78,1.8,2.0,1.0,11.989821671376923,13.046946501413077,SYN0105,synthetic,regression_residual_bootstrap_v2
2049-11-01,Australia West Coast,East Coast India,Iron Ore,Capesize,170000.0,2080.0,652.0,109.0,92.3,50.93,3.7,3.0,3.0,13.046946501413077,11.281392380014992,SYN0105,synthetic,regression_residual_bootstrap_v2
2049-12-01,Australia West Coast,East Coast India,Iron Ore,Capesize,170000.0,1540.0,620.0,112.9,97.3,57.412000000000006,4.3,2.0,4.0,11.281392380014992,10.054729671982653,SYN0105,synthetic,regression_residual_bootstrap_v2
2050-01-01,Australia West Coast,East Coast India,Iron Ore,Capesize,170000.0,1420.0,615.0,137.6,106.9,54.634,4.1,2.0,3.5,10.054729671982653,11.626622807215048,SYN0105,synthetic,regression_residual_bootstrap_v2
2050-02-01,Australia West Coast,East Coast India,Iron Ore,Capesize,170000.0,1850.0,635.0,107.5,103.5,34.817600000000006,2.4,5.0,4.0,11.626622807215048,11.146100329759284,SYN0105,synthetic,regression_residual_bootstrap_v2
2050-03-01,Australia West Coast,East Coast India,Iron Ore,Capesize,170000.0,1540.0,620.0,112.9,97.3,57.412000000000006,4.3,2.0,4.0,11.146100329759284,12.222206017767979,SYN0105,synthetic,regression_residual_bootstrap_v2
2050-04-01,Australia West Coast,East Coast India,Iron Ore,Capesize,170000.0,1950.0,660.0,142.0,118.9,38.892,2.8,4.0,2.0,12.222206017767979,13.330653260175042,SYN0105,synthetic,regression_residual_bootstrap_v2
2050-05-01,Australia West Coast,East Coast India,Iron Ore,Capesize,170000.0,2080.0,652.0,109.0,92.3,50.93,3.7,3.0,3.0,13.330653260175042,11.222632025848666,SYN0105,synthetic,regression_residual_bootstrap_v2
2050-06-01,Australia West Coast,East Coast India,Iron Ore,Capesize,170000.0,1540.0,620.0,112.9,97.3,57.412000000000006,4.3,2.0,4.0,11.222632025848666,12.954172961687725,SYN0105,synthetic,regression_residual_bootstrap_v2
2050-07-01,Australia West Coast,East Coast India,Iron Ore,Capesize,170000.0,2080.0,652.0,109.0,92.3,50.93,3.7,3.0,3.0,12.954172961687725,11.127979159905369,SYN0105,synthetic,regression_residual_bootstrap_v2
2050-08-01,Australia West Coast,East Coast India,Iron Ore,Capesize,170000.0,1500.0,614.0,106.3,103.3,44.8184,3.1,3.0,2.0,11.127979159905369,12.369877069932684,SYN0105,synthetic,regression_residual_bootstrap_v2
2050-09-01,Australia West Coast,East Coast India,Iron Ore,Capesize,170000.0,1980.0,640.0,98.6,97.2,31.8544,2.0,2.0,0.5,12.369877069932684,12.251943726175575,SYN0105,synthetic,regression_residual_bootstrap_v2
2050-10-01,Australia West Coast,East Coast India,Iron Ore,Capesize,170000.0,1880.0,648.0,142.1,100.5,30.0024,2.0,4.0,2.5,12.251943726175575,10.149298743929549,SYN0105,synthetic,regression_residual_bootstrap_v2
2030-02-01,Hay Point,East Coast India,Coal,Capesize,170000.0,1680.0,645.0,131.5,109.8,27.78,1.7,1.0,0.0,17.2,13.760120787918902,SYN0201,synthetic,regression_residual_bootstrap_v2
2030-03-01,Hay Point,East Coast India,Coal,Capesize,170000.0,1360.0,592.0,104.0,100.1,26.854000000000003,1.6,1.0,0.0,13.760120787918902,15.519016813837172,SYN0201,synthetic,regression_residual_bootstrap_v2
2030-04-01,Hay Point,East Coast India,Coal,Capesize,170000.0,1880.0,648.0,142.1,100.5,31.1136,2.0,4.0,2.5,15.519016813837172,13.659620048159866,SYN0201,synthetic,regression_residual_bootstrap_v2
2030-05-01,Hay Point,East Coast India,Coal,Capesize,170000.0,1420.0,615.0,137.6,106.9,48.152,3.6,2.0,3.5,13.659620048159866,15.68169329629623,SYN0201,synthetic,regression_residual_bootstrap_v2
2030-06-01,Hay Point,East Coast India,Coal,Capesize,170000.0,1850.0,635.0,107.5,103.5,33.7064,2.3,5.0,4.0,15.68169329629623,16.590573640444997,SYN0201,synthetic,regression_residual_bootstrap_v2
2030-07-01,Hay Point,East Coast India,Coal,Capesize,170000.0,1980.0,640.0,98.6,97.2,27.78,1.7,2.0,0.5,16.590573640444997,15.777720922241102,SYN0201,synthetic,regression_residual_bootstrap_v2
2030-08-01,Hay Point,East Coast India,Coal,Capesize,170000.0,1740.0,630.0,146.6,101.4,32.410000000000004,2.2,5.0,3.5,15.777720922241102,15.484877326298776,SYN0201,synthetic,regression_residual_bootstrap_v2
2030-09-01,Hay Point,East Coast India,Coal,Capesize,170000.0,1820.0,655.0,135.0,112.8,26.2984,1.6,2.0,0.5,15.484877326298776,16.574060595234748,SYN0201,synthetic,regression_residual_bootstrap_v2
2030-10-01,Hay Point,East Coast India,Coal,Capesize,170000.0,1970.0,646.0,112.6,102.5,31.484,2.1,4.0,2.5,16.574060595234748,14.046281623088138,SYN0201,synthetic,regression_residual_bootstrap_v2
2030-11-01,Hay Point,East Coast India,Coal,Capesize,170000.0,1420.0,615.0,137.6,106.9,48.152,3.6,2.0,3.5,14.046281623088138,16.069778448302728,SYN0201,synthetic,regression_residual_bootstrap_v2
2030-12-01,Hay Point,East Coast India,Coal,Capesize,170000.0,1980.0,640.0,98.6,97.2,27.78,1.7,2.0,0.5,16.069778448302728,16.146902008628967,SYN0201,synthetic,regression_residual_bootstrap_v2
2031-01-01,Hay Point,East Coast India,Coal,Capesize,170000.0,1910.0,650.0,129.8,102.2,31.484,1.9,2.0,1.0,16.146902008628967,17.547233747925326,SYN0201,synthetic,regression_residual_bootstrap_v2
2031-02-01,Hay Point,East Coast India,Coal,Capesize,170000.0,2150.0,658.0,104.4,97.0,37.966,2.8,5.0,2.5,17.547233747925326,16.273189546916093,SYN0201,synthetic,regression_residual_bootstrap_v2
2031-03-01,Hay Point,East Coast India,Coal,Capesize,170000.0,1820.0,655.0,135.0,112.8,26.2984,1.6,2.0,0.5,16.273189546916093,14.264687681786334,SYN0201,synthetic,regression_residual_bootstrap_v2
2031-04-01,Hay Point,East Coast India,Coal,Capesize,170000.0,1460.0,608.0,112.2,99.7,48.152,3.5,2.0,3.5,14.264687681786334,16.28915596952236,SYN0201,synthetic,regression_residual_bootstrap_v2
2031-05-01,Hay Point,East Coast India,Coal,Capesize,170000.0,1970.0,646.0,112.6,102.5,31.484,2.1,4.0,2.5,16.28915596952236,16.2012855083533,SYN0201,synthetic,regression_residual_bootstrap_v2
2031-06-01,Hay Point,East Coast India,Coal,Capesize,170000.0,1880.0,648.0,142.1,100.5,31.1136,2.0,4.0,2.5,16.2012855083533,13.436595765417643,SYN0201,synthetic,regression_residual_bootstrap_v2
2031-07-01,Hay Point,East Coast India,Coal,Capesize,170000.0,1380.0,595.0,118.6,99.6,29.632,1.8,2.0,0.5,13.436595765417643,13.830180602818608,SYN0201,synthetic,regression_residual_bootstrap_v2
2031-08-01,Hay Point,East Coast India,Coal,Capesize,170000.0,1540.0,620.0,112.9,97.3,50.93,3.8,2.0,4.0,13.830180602818608,14.895918997522859,SYN0201,synthetic,regression_residual_bootstrap_v2
2031-09-01,Hay Point,East Coast India,Coal,Capesize,170000.0,1740.0,630.0,146.6,101.4,32.410000000000004,2.2,5.0,3.5,14.895918997522859,13.728630481554713,SYN0201,synthetic,regression_residual_bootstrap_v2
2031-10-01,Hay Point,East Coast India,Coal,Capesize,170000.0,1500.0,614.0,106.3,103.3,39.818000000000005,2.8,3.0,2.0,13.728630481554713,13.999355427523632,SYN0201,synthetic,regression_residual_bootstrap_v2
2031-11-01,Hay Point,East Coast India,Coal,Capesize,170000.0,1540.0,620.0,112.9,97.3,50.93,3.8,2.0,4.0,13.999355427523632,15.373912666880795,SYN0201,synthetic,regression_residual_bootstrap_v2
2031-12-01,Hay Point,East Coast India,Coal,Capesize,170000.0,1820.0,655.0,135.0,112.8,26.2984,1.6,2.0,0.5,15.373912666880795,15.786279838687943,SYN0201,synthetic,regression_residual_bootstrap_v2
2032-01-01,Hay Point,East Coast India,Coal,Capesize,170000.0,1820.0,655.0,135.0,112.8,26.2984,1.6,2.0,0.5,15.786279838687943,16.41067654760226,SYN0201,synthetic,regression_residual_bootstrap_v2
2032-02-01,Hay Point,East Coast India,Coal,Capesize,170000.0,1980.0,640.0,98.6,97.2,27.78,1.7,2.0,0.5,16.41067654760226,16.870803192985562,SYN0201,synthetic,regression_residual_bootstrap_v2
2032-03-01,Hay Point,East Coast India,Coal,Capesize,170000.0,1980.0,640.0,98.6,97.2,27.78,1.7,2.0,0.5,16.870803192985562,15.953466118204943,SYN0201,synthetic,regression_residual_bootstrap_v2
2032-04-01,Hay Point,East Coast India,Coal,Capesize,170000.0,1820.0,655.0,135.0,112.8,26.2984,1.6,2.0,0.5,15.953466118204943,16.119041042579127,SYN0201,synthetic,regression_residual_bootstrap_v2
2032-05-01,Hay Point,East Coast India,Coal,Capesize,170000.0,1880.0,648.0,142.1,100.5,31.1136,2.0,4.0,2.5,16.119041042579127,14.775712312773734,SYN0201,synthetic,regression_residual_bootstrap_v2
2032-06-01,Hay Point,East Coast India,Coal,Capesize,170000.0,1540.0,620.0,112.9,97.3,50.93,3.8,2.0,4.0,14.775712312773734,14.140089861671765,SYN0201,synthetic,regression_residual_bootstrap_v2
2032-07-01,Hay Point,East Coast India,Coal,Capesize,170000.0,1560.0,638.0,124.2,124.4,32.410000000000004,2.0,2.0,0.5,14.140089861671765,15.998855227752555,SYN0201,synthetic,regression_residual_bootstrap_v2
2032-08-01,Hay Point,East Coast India,Coal,Capesize,170000.0,1980.0,640.0,98.6,97.2,27.78,1.7,2.0,0.5,15.998855227752555,14.529656568325768,SYN0201,synthetic,regression_residual_bootstrap_v2
2032-09-01,Hay Point,East Coast India,Coal,Capesize,170000.0,1560.0,638.0,124.2,124.4,32.410000000000004,2.0,2.0,0.5,14.529656568325768,14.628554789608316,SYN0201,synthetic,regression_residual_bootstrap_v2
2032-10-01,Hay Point,East Coast India,Coal,Capesize,170000.0,1680.0,645.0,131.5,109.8,27.78,1.7,1.0,0.0,14.628554789608316,16.373666733458883,SYN0201,synthetic,regression_residual_bootstrap_v2
2032-11-01,Hay Point,East Coast India,Coal,Capesize,170000.0,1970.0,646.0,112.6,102.5,31.484,2.1,4.0,2.5,16.373666733458883,13.452100020037662,SYN0201,synthetic,regression_residual_bootstrap_v2
2032-12-01,Hay Point,East Coast India,Coal,Capesize,170000.0,1350.0,605.0,145.8,99.9,46.6704,3.4,2.0,3.0,13.452100020037662,12.330522655960369,SYN0201,synthetic,regression_residual_bootstrap_v2
2033-01-01,Hay Point,East Coast India,Coal,Capesize,170000.0,1350.0,605.0,145.8,99.9,46.6704,3.4,2.0,3.0,12.330522655960369,13.193290217154503,SYN0201,synthetic,regression_residual_bootstrap_v2
2033-02-01,Hay Point,East Coast India,Coal,Capesize,170000.0,1460.0,608.0,112.2,99.7,48.152,3.5,2.0,3.5,13.193290217154503,15.036917134697998,SYN0201,synthetic,regression_residual_bootstrap_v2
2033-03-01,Hay Point,East Coast India,Coal,Capesize,170000.0,1890.0,642.0,135.1,107.5,43.522000000000006,3.1,3.0,2.5,15.036917134697998,17.295802695609943,SYN0201,synthetic,regression_residual_bootstrap_v2
2033-04-01,Hay Point,East Coast India,Coal,Capesize,170000.0,2150.0,658.0,104.4,97.0,37.966,2.8,5.0,2.5,17.295802695609943,16.562127258538233,SYN0201,synthetic,regression_residual_bootstrap_v2
2033-05-01,Hay Point,East Coast India,Coal,Capesize,170000.0,1910.0,650.0,129.8,102.2,31.484,1.9,2.0,1.0,16.562127258538233,14.096413017252193,SYN0201,synthetic,regression_residual_bootstrap_v2
2033-06-01,Hay Point,East Coast India,Coal,Capesize,170000.0,1420.0,615.0,137.6,106.9,48.152,3.6,2.0,3.5,14.096413017252193,16.932087050512294,SYN0201,synthetic,regression_residual_bootstrap_v2
2033-07-01,Hay Point,East Coast India,Coal,Capesize,170000.0,2150.0,658.0,104.4,97.0,37.966,2.8,5.0,2.5,16.932087050512294,17.42406417745569,SYN0201,synthetic,regression_residual_bootstrap_v2
2033-08-01,Hay Point,East Coast India,Coal,Capesize,170000.0,2080.0,652.0,109.0,92.3,45.9296,3.3,3.0,3.0,17.42406417745569,16.233507858063696,SYN0201,synthetic,regression_residual_bootstrap_v2
2033-09-01,Hay Point,East Coast India,Coal,Capesize,170000.0,1820.0,655.0,135.0,112.8,26.2984,1.6,2.0,0.5,16.233507858063696,16.17280264672454,SYN0201,synthetic,regression_residual_bootstrap_v2
2033-10-01,Hay Point,East Coast India,Coal,Capesize,170000.0,1890.0,642.0,135.1,107.5,43.522000000000006,3.1,3.0,2.5,16.17280264672454,16.50259219682556,SYN0201,synthetic,regression_residual_bootstrap_v2
2033-11-01,Hay Point,East Coast India,Coal,Capesize,170000.0,1950.0,660.0,142.0,118.9,35.188,2.6,4.0,2.0,16.50259219682556,14.07855249873839,SYN0201,synthetic,regression_residual_bootstrap_v2
2033-12-01,Hay Point,East Coast India,Coal,Capesize,170000.0,1420.0,615.0,137.6,106.9,48.152,3.6,2.0,3.5,14.07855249873839,12.667847610496908,SYN0201,synthetic,regression_residual_bootstrap_v2
2034-01-01,Hay Point,East Coast India,Coal,Capesize,170000.0,1310.0,588.0,106.9,105.1,31.1136,1.9,2.0,0.5,12.667847610496908,15.520972439488446,SYN0201,synthetic,regression_residual_bootstrap_v2
2034-02-01,Hay Point,East Coast India,Coal,Capesize,170000.0,1980.0,640.0,98.6,97.2,27.78,1.7,2.0,0.5,15.520972439488446,14.798559580749723,SYN0201,synthetic,regression_residual_bootstrap_v2
2034-04-01,Hay Point,East Coast India,Coal,Capesize,170000.0,1890.0,642.0,135.1,107.5,43.522000000000006,3.1,3.0,2.5,13.9,12.53683685466336,SYN0202,synthetic,regression_residual_bootstrap_v2
2034-05-01,Hay Point,East Coast India,Coal,Capesize,170000.0,1380.0,595.0,118.6,99.6,29.632,1.8,2.0,0.5,12.53683685466336,14.941836232450775,SYN0202,synthetic,regression_residual_bootstrap_v2
2034-06-01,Hay Point,East Coast India,Coal,Capesize,170000.0,1890.0,642.0,135.1,107.5,43.522000000000006,3.1,3.0,2.5,14.941836232450775,16.92362080018358,SYN0202,synthetic,regression_residual_bootstrap_v2
2034-07-01,Hay Point,East Coast India,Coal,Capesize,170000.0,2080.0,652.0,109.0,92.3,45.9296,3.3,3.0,3.0,16.92362080018358,16.875562849481284,SYN0202,synthetic,regression_residual_bootstrap_v2
2034-08-01,Hay Point,East Coast India,Coal,Capesize,170000.0,1970.0,646.0,112.6,102.5,31.484,2.1,4.0,2.5,16.875562849481284,13.452051012296163,SYN0202,synthetic,regression_residual_bootstrap_v2
2034-09-01,Hay Point,East Coast India,Coal,Capesize,170000.0,1310.0,588.0,106.9,105.1,31.1136,1.9,2.0,0.5,13.452051012296163,15.983215532393732,SYN0202,synthetic,regression_residual_bootstrap_v2
2034-10-01,Hay Point,East Coast India,Coal,Capesize,170000.0,1980.0,640.0,98.6,97.2,27.78,1.7,2.0,0.5,15.983215532393732,16.186813599194423,SYN0202,synthetic,regression_residual_bootstrap_v2
2034-11-01,Hay Point,East Coast India,Coal,Capesize,170000.0,1910.0,650.0,129.8,102.2,31.484,1.9,2.0,1.0,16.186813599194423,16.299833966846673,SYN0202,synthetic,regression_residual_bootstrap_v2
2034-12-01,Hay Point,East Coast India,Coal,Capesize,170000.0,1850.0,635.0,107.5,103.5,33.7064,2.3,5.0,4.0,16.299833966846673,16.157070931833495,SYN0202,synthetic,regression_residual_bootstrap_v2
2035-01-01,Hay Point,East Coast India,Coal,Capesize,170000.0,1880.0,648.0,142.1,100.5,31.1136,2.0,4.0,2.5,16.157070931833495,17.517785390232877,SYN0202,synthetic,regression_residual_bootstrap_v2
2035-02-01,Hay Point,East Coast India,Coal,Capesize,170000.0,2150.0,658.0,104.4,97.0,37.966,2.8,5.0,2.5,17.517785390232877,16.606098234764758,SYN0202,synthetic,regression_residual_bootstrap_v2
2035-03-01,Hay Point,East Coast India,Coal,Capesize,170000.0,1910.0,650.0,129.8,102.2,31.484,1.9,2.0,1.0,16.606098234764758,16.689980530953125,SYN0202,synthetic,regression_residual_bootstrap_v2
2035-04-01,Hay Point,East Coast India,Coal,Capesize,170000.0,1950.0,660.0,142.0,118.9,35.188,2.6,4.0,2.0,16.689980530953125,17.728990318175594,SYN0202,synthetic,regression_residual_bootstrap_v2
2035-05-01,Hay Point,East Coast India,Coal,Capesize,170000.0,2150.0,658.0,104.4,97.0,37.966,2.8,5.0,2.5,17.728990318175594,13.993972900489593,SYN0202,synthetic,regression_residual_bootstrap_v2
2035-06-01,Hay Point,East Coast India,Coal,Capesize,170000.0,1380.0,595.0,118.6,99.6,29.632,1.8,2.0,0.5,13.993972900489593,16.177769844953495,SYN0202,synthetic,regression_residual_bootstrap_v2
2035-07-01,Hay Point,East Coast India,Coal,Capesize,170000.0,1970.0,646.0,112.6,102.5,31.484,2.1,4.0,2.5,16.177769844953495,13.66858936376304,SYN0202,synthetic,regression_residual_bootstrap_v2
2035-08-01,Hay Point,East Coast India,Coal,Capesize,170000.0,1390.0,610.0,139.2,92.8,38.52160000000001,2.7,3.0,2.0,13.66858936376304,12.700697597047814,SYN0202,synthetic,regression_residual_bootstrap_v2
2035-09-01,Hay Point,East Coast India,Coal,Capesize,170000.0,1360.0,592.0,104.0,100.1,26.854000000000003,1.6,1.0,0.0,12.700697597047814,15.549660449006737,SYN0202,synthetic,regression_residual_bootstrap_v2
2035-10-01,Hay Point,East Coast India,Coal,Capesize,170000.0,1980.0,640.0,98.6,97.2,27.78,1.7,2.0,0.5,15.549660449006737,16.593495532047136,SYN0202,synthetic,regression_residual_bootstrap_v2
2035-11-01,Hay Point,East Coast India,Coal,Capesize,170000.0,1970.0,646.0,112.6,102.5,31.484,2.1,4.0,2.5,16.593495532047136,15.610780055925026,SYN0202,synthetic,regression_residual_bootstrap_v2
2035-12-01,Hay Point,East Coast India,Coal,Capesize,170000.0,1740.0,630.0,146.6,101.4,32.410000000000004,2.2,5.0,3.5,15.610780055925026,16.13843987322076,SYN0202,synthetic,regression_residual_bootstrap_v2
2036-01-01,Hay Point,East Coast India,Coal,Capesize,170000.0,1850.0,635.0,107.5,103.5,33.7064,2.3,5.0,4.0,16.13843987322076,13.557724680117957,SYN0202,synthetic,regression_residual_bootstrap_v2
2036-02-01,Hay Point,East Coast India,Coal,Capesize,170000.0,1390.0,610.0,139.2,92.8,38.52160000000001,2.7,3.0,2.0,13.557724680117957,12.624598690806554,SYN0202,synthetic,regression_residual_bootstrap_v2
2036-03-01,Hay Point,East Coast India,Coal,Capesize,170000.0,1350.0,605.0,145.8,99.9,46.6704,3.4,2.0,3.0,12.624598690806554,15.179228546718267,SYN0202,synthetic,regression_residual_bootstrap_v2
2036-04-01,Hay Point,East Coast India,Coal,Capesize,170000.0,1910.0,650.0,129.8,102.2,31.484,1.9,2.0,1.0,15.179228546718267,15.48990872833347,SYN0202,synthetic,regression_residual_bootstrap_v2
2036-05-01,Hay Point,East Coast India,Coal,Capesize,170000.0,1820.0,655.0,135.0,112.8,26.2984,1.6,2.0,0.5,15.48990872833347,12.906972618500042,SYN0202,synthetic,regression_residual_bootstrap_v2
2036-06-01,Hay Point,East Coast India,Coal,Capesize,170000.0,1310.0,588.0,106.9,105.1,31.1136,1.9,2.0,0.5,12.906972618500042,12.370057659855728,SYN0202,synthetic,regression_residual_bootstrap_v2
2036-07-01,Hay Point,East Coast India,Coal,Capesize,170000.0,1310.0,588.0,106.9,105.1,31.1136,1.9,2.0,0.5,12.370057659855728,15.385809893952597,SYN0202,synthetic,regression_residual_bootstrap_v2
2036-08-01,Hay Point,East Coast India,Coal,Capesize,170000.0,1980.0,640.0,98.6,97.2,27.78,1.7,2.0,0.5,15.385809893952597,13.74904012964627,SYN0202,synthetic,regression_residual_bootstrap_v2
2036-09-01,Hay Point,East Coast India,Coal,Capesize,170000.0,1420.0,615.0,137.6,106.9,48.152,3.6,2.0,3.5,13.74904012964627,12.481343907040227,SYN0202,synthetic,regression_residual_bootstrap_v2
2036-10-01,Hay Point,East Coast India,Coal,Capesize,170000.0,1310.0,588.0,106.9,105.1,31.1136,1.9,2.0,0.5,12.481343907040227,11.947161642413668,SYN0202,synthetic,regression_residual_bootstrap_v2
2036-11-01,Hay Point,East Coast India,Coal,Capesize,170000.0,1310.0,588.0,106.9,105.1,31.1136,1.9,2.0,0.5,11.947161642413668,14.331013309401378,SYN0202,synthetic,regression_residual_bootstrap_v2
2036-12-01,Hay Point,East Coast India,Coal,Capesize,170000.0,1740.0,630.0,146.6,101.4,32.410000000000004,2.2,5.0,3.5,14.331013309401378,14.015483773066626,SYN0202,synthetic,regression_residual_bootstrap_v2
2037-01-01,Hay Point,East Coast India,Coal,Capesize,170000.0,1540.0,620.0,112.9,97.3,50.93,3.8,2.0,4.0,14.015483773066626,13.7729388645914,SYN0202,synthetic,regression_residual_bootstrap_v2
2037-02-01,Hay Point,East Coast India,Coal,Capesize,170000.0,1500.0,614.0,106.3,103.3,39.818000000000005,2.8,3.0,2.0,13.7729388645914,13.564899587011915,SYN0202,synthetic,regression_residual_bootstrap_v2
2037-03-01,Hay Point,East Coast India,Coal,Capesize,170000.0,1500.0,614.0,106.3,103.3,39.818000000000005,2.8,3.0,2.0,13.564899587011915,12.285554872094862,SYN0202,synthetic,regression_residual_bootstrap_v2
2037-04-01,Hay Point,East Coast India,Coal,Capesize,170000.0,1310.0,588.0,106.9,105.1,31.1136,1.9,2.0,0.5,12.285554872094862,12.225666461628457,SYN0202,synthetic,regression_residual_bootstrap_v2
2037-05-01,Hay Point,East Coast India,Coal,Capesize,170000.0,1350.0,605.0,145.8,99.9,46.6704,3.4,2.0,3.0,12.225666461628457,12.98496854217765,SYN0202,synthetic,regression_residual_bootstrap_v2
2037-06-01,Hay Point,East Coast India,Coal,Capesize,170000.0,1460.0,608.0,112.2,99.7,48.152,3.5,2.0,3.5,12.98496854217765,14.218859776936892,SYN0202,synthetic,regression_residual_bootstrap_v2
2037-07-01,Hay Point,East Coast India,Coal,Capesize,170000.0,1680.0,645.0,131.5,109.8,27.78,1.7,1.0,0.0,14.218859776936892,14.680733414693258,SYN0202,synthetic,regression_residual_bootstrap_v2
2037-08-01,Hay Point,East Coast India,Coal,Capesize,170000.0,1680.0,645.0,131.5,109.8,27.78,1.7,1.0,0.0,14.680733414693258,13.52456220529739,SYN0202,synthetic,regression_residual_bootstrap_v2
2037-09-01,Hay Point,East Coast India,Coal,Capesize,170000.0,1460.0,608.0,112.2,99.7,48.152,3.5,2.0,3.5,13.52456220529739,12.541770690139879,SYN0202,synthetic,regression_residual_bootstrap_v2
2037-10-01,Hay Point,East Coast India,Coal,Capesize,170000.0,1350.0,605.0,145.8,99.9,46.6704,3.4,2.0,3.0,12.541770690139879,12.37982764173502,SYN0202,synthetic,regression_residual_bootstrap_v2
2037-11-01,Hay Point,East Coast India,Coal,Capesize,170000.0,1380.0,595.0,118.6,99.6,29.632,1.8,2.0,0.5,12.37982764173502,14.087021869720802,SYN0202,synthetic,regression_residual_bootstrap_v2
2037-12-01,Hay Point,East Coast India,Coal,Capesize,170000.0,1740.0,630.0,146.6,101.4,32.410000000000004,2.2,5.0,3.5,14.087021869720802,15.728730393076594,SYN0202,synthetic,regression_residual_bootstrap_v2
2038-01-01,Hay Point,East Coast India,Coal,Capesize,170000.0,1850.0,635.0,107.5,103.5,33.7064,2.3,5.0,4.0,15.728730393076594,13.843891562722433,SYN0202,synthetic,regression_residual_bootstrap_v2
2038-02-01,Hay Point,East Coast India,Coal,Capesize,170000.0,1460.0,608.0,112.2,99.7,48.152,3.5,2.0,3.5,13.843891562722433,15.486552987152994,SYN0202,synthetic,regression_residual_bootstrap_v2
2038-03-01,Hay Point,East Coast India,Coal,Capesize,170000.0,1910.0,650.0,129.8,102.2,31.484,1.9,2.0,1.0,15.486552987152994,13.605965896145898,SYN0202,synthetic,regression_residual_bootstrap_v2
2038-04-01,Hay Point,East Coast India,Coal,Capesize,170000.0,1420.0,615.0,137.6,106.9,48.152,3.6,2.0,3.5,13.605965896145898,16.92022871921732,SYN0202,synthetic,regression_residual_bootstrap_v2
2038-06-01,Hay Point,East Coast India,Coal,Capesize,170000.0,1380.0,595.0,118.6,99.6,29.632,1.8,2.0,0.5,12.2,15.39840139553724,SYN0203,synthetic,regression_residual_bootstrap_v2
2038-07-01,Hay Point,East Coast India,Coal,Capesize,170000.0,1950.0,660.0,142.0,118.9,35.188,2.6,4.0,2.0,15.39840139553724,14.503017519429898,SYN0203,synthetic,regression_residual_bootstrap_v2
2038-08-01,Hay Point,East Coast India,Coal,Capesize,170000.0,1540.0,620.0,112.9,97.3,50.93,3.8,2.0,4.0,14.503017519429898,16.510764203439425,SYN0203,synthetic,regression_residual_bootstrap_v2
2038-09-01,Hay Point,East Coast India,Coal,Capesize,170000.0,2080.0,652.0,109.0,92.3,45.9296,3.3,3.0,3.0,16.510764203439425,17.573370313421364,SYN0203,synthetic,regression_residual_bootstrap_v2
2038-10-01,Hay Point,East Coast India,Coal,Capesize,170000.0,2150.0,658.0,104.4,97.0,37.966,2.8,5.0,2.5,17.573370313421364,16.96518282477538,SYN0203,synthetic,regression_residual_bootstrap_v2
2038-11-01,Hay Point,East Coast India,Coal,Capesize,170000.0,1850.0,635.0,107.5,103.5,33.7064,2.3,5.0,4.0,16.96518282477538,15.527030100339918,SYN0203,synthetic,regression_residual_bootstrap_v2
2038-12-01,Hay Point,East Coast India,Coal,Capesize,170000.0,1680.0,645.0,131.5,109.8,27.78,1.7,1.0,0.0,15.527030100339918,16.991131123049072,SYN0203,synthetic,regression_residual_bootstrap_v2
2039-01-01,Hay Point,East Coast India,Coal,Capesize,170000.0,2080.0,652.0,109.0,92.3,45.9296,3.3,3.0,3.0,16.991131123049072,16.08612835407683,SYN0203,synthetic,regression_residual_bootstrap_v2
2039-02-01,Hay Point,East Coast India,Coal,Capesize,170000.0,1890.0,642.0,135.1,107.5,43.522000000000006,3.1,3.0,2.5,16.08612835407683,16.163107688511545,SYN0203,synthetic,regression_residual_bootstrap_v2
2039-03-01,Hay Point,East Coast India,Coal,Capesize,170000.0,1880.0,648.0,142.1,100.5,31.1136,2.0,4.0,2.5,16.163107688511545,16.888932306553464,SYN0203,synthetic,regression_residual_bootstrap_v2
2039-04-01,Hay Point,East Coast India,Coal,Capesize,170000.0,1970.0,646.0,112.6,102.5,31.484,2.1,4.0,2.5,16.888932306553464,14.140743136483753,SYN0203,synthetic,regression_residual_bootstrap_v2
2039-05-01,Hay Point,East Coast India,Coal,Capesize,170000.0,1420.0,615.0,137.6,106.9,48.152,3.6,2.0,3.5,14.140743136483753,16.33590695437545,SYN0203,synthetic,regression_residual_bootstrap_v2
2039-06-01,Hay Point,East Coast India,Coal,Capesize,170000.0,1970.0,646.0,112.6,102.5,31.484,2.1,4.0,2.5,16.33590695437545,13.525067313888046,SYN0203,synthetic,regression_residual_bootstrap_v2
2039-07-01,Hay Point,East Coast India,Coal,Capesize,170000.0,1380.0,595.0,118.6,99.6,29.632,1.8,2.0,0.5,13.525067313888046,15.453242361350926,SYN0203,synthetic,regression_residual_bootstrap_v2
2039-08-01,Hay Point,East Coast India,Coal,Capesize,170000.0,1880.0,648.0,142.1,100.5,31.1136,2.0,4.0,2.5,15.453242361350926,13.851386205594272,SYN0203,synthetic,regression_residual_bootstrap_v2
2039-09-01,Hay Point,East Coast India,Coal,Capesize,170000.0,1460.0,608.0,112.2,99.7,48.152,3.5,2.0,3.5,13.851386205594272,15.576568129319625,SYN0203,synthetic,regression_residual_bootstrap_v2
2039-10-01,Hay Point,East Coast India,Coal,Capesize,170000.0,1880.0,648.0,142.1,100.5,31.1136,2.0,4.0,2.5,15.576568129319625,16.19405676057729,SYN0203,synthetic,regression_residual_bootstrap_v2
2039-11-01,Hay Point,East Coast India,Coal,Capesize,170000.0,1850.0,635.0,107.5,103.5,33.7064,2.3,5.0,4.0,16.19405676057729,16.36842155882632,SYN0203,synthetic,regression_residual_bootstrap_v2
2039-12-01,Hay Point,East Coast India,Coal,Capesize,170000.0,1950.0,660.0,142.0,118.9,35.188,2.6,4.0,2.0,16.36842155882632,16.41315029980825,SYN0203,synthetic,regression_residual_bootstrap_v2
2040-01-01,Hay Point,East Coast India,Coal,Capesize,170000.0,1850.0,635.0,107.5,103.5,33.7064,2.3,5.0,4.0,16.41315029980825,14.024491962097535,SYN0203,synthetic,regression_residual_bootstrap_v2
2040-02-01,Hay Point,East Coast India,Coal,Capesize,170000.0,1420.0,615.0,137.6,106.9,48.152,3.6,2.0,3.5,14.024491962097535,15.534747246344764,SYN0203,synthetic,regression_residual_bootstrap_v2
2040-03-01,Hay Point,East Coast India,Coal,Capesize,170000.0,1890.0,642.0,135.1,107.5,43.522000000000006,3.1,3.0,2.5,15.534747246344764,13.003086588910282,SYN0203,synthetic,regression_residual_bootstrap_v2
2040-04-01,Hay Point,East Coast India,Coal,Capesize,170000.0,1360.0,592.0,104.0,100.1,26.854000000000003,1.6,1.0,0.0,13.003086588910282,13.910925976673083,SYN0203,synthetic,regression_residual_bootstrap_v2
2040-05-01,Hay Point,East Coast India,Coal,Capesize,170000.0,1680.0,645.0,131.5,109.8,27.78,1.7,1.0,0.0,13.910925976673083,13.247341237519638,SYN0203,synthetic,regression_residual_bootstrap_v2
2040-06-01,Hay Point,East Coast India,Coal,Capesize,170000.0,1420.0,615.0,137.6,106.9,48.152,3.6,2.0,3.5,13.247341237519638,13.656602142551009,SYN0203,synthetic,regression_residual_bootstrap_v2
2040-07-01,Hay Point,East Coast India,Coal,Capesize,170000.0,1500.0,614.0,106.3,103.3,39.818000000000005,2.8,3.0,2.0,13.656602142551009,15.836431812657697,SYN0203,synthetic,regression_residual_bootstrap_v2
2040-08-01,Hay Point,East Coast India,Coal,Capesize,170000.0,1980.0,640.0,98.6,97.2,27.78,1.7,2.0,0.5,15.836431812657697,14.46710932404352,SYN0203,synthetic,regression_residual_bootstrap_v2
2040-09-01,Hay Point,East Coast India,Coal,Capesize,170000.0,1540.0,620.0,112.9,97.3,50.93,3.8,2.0,4.0,14.46710932404352,15.091693846839501,SYN0203,synthetic,regression_residual_bootstrap_v2
2040-10-01,Hay Point,East Coast India,Coal,Capesize,170000.0,1820.0,655.0,135.0,112.8,26.2984,1.6,2.0,0.5,15.091693846839501,16.860530246998948,SYN0203,synthetic,regression_residual_bootstrap_v2
2040-11-01,Hay Point,East Coast India,Coal,Capesize,170000.0,2080.0,652.0,109.0,92.3,45.9296,3.3,3.0,3.0,16.860530246998948,15.645536173458318,SYN0203,synthetic,regression_residual_bootstrap_v2
2040-12-01,Hay Point,East Coast India,Coal,Capesize,170000.0,1740.0,630.0,146.6,101.4,32.410000000000004,2.2,5.0,3.5,15.645536173458318,15.41027533370123,SYN0203,synthetic,regression_residual_bootstrap_v2
2041-01-01,Hay Point,East Coast India,Coal,Capesize,170000.0,1740.0,630.0,146.6,101.4,32.410000000000004,2.2,5.0,3.5,15.41027533370123,14.249121327967043,SYN0203,synthetic,regression_residual_bootstrap_v2
2041-02-01,Hay Point,East Coast India,Coal,Capesize,170000.0,1540.0,620.0,112.9,97.3,50.93,3.8,2.0,4.0,14.249121327967043,15.5304411708147,SYN0203,synthetic,regression_residual_bootstrap_v2
2041-03-01,Hay Point,East Coast India,Coal,Capesize,170000.0,1880.0,648.0,142.1,100.5,31.1136,2.0,4.0,2.5,15.5304411708147,16.169936179136997,SYN0203,synthetic,regression_residual_bootstrap_v2
2041-04-01,Hay Point,East Coast India,Coal,Capesize,170000.0,1850.0,635.0,107.5,103.5,33.7064,2.3,5.0,4.0,16.169936179136997,16.475248828911948,SYN0203,synthetic,regression_residual_bootstrap_v2
2041-05-01,Hay Point,East Coast India,Coal,Capesize,170000.0,1950.0,660.0,142.0,118.9,35.188,2.6,4.0,2.0,16.475248828911948,15.505157604475471,SYN0203,synthetic,regression_residual_bootstrap_v2
2041-06-01,Hay Point,East Coast India,Coal,Capesize,170000.0,1740.0,630.0,146.6,101.4,32.410000000000004,2.2,5.0,3.5,15.505157604475471,13.949982871478737,SYN0203,synthetic,regression_residual_bootstrap_v2
2041-07-01,Hay Point,East Coast India,Coal,Capesize,170000.0,1460.0,608.0,112.2,99.7,48.152,3.5,2.0,3.5,13.949982871478737,15.786532371822572,SYN0203,synthetic,regression_residual_bootstrap_v2
2041-08-01,Hay Point,East Coast India,Coal,Capesize,170000.0,1950.0,660.0,142.0,118.9,35.188,2.6,4.0,2.0,15.786532371822572,16.616471994228128,SYN0203,synthetic,regression_residual_bootstrap_v2
2041-09-01,Hay Point,East Coast India,Coal,Capesize,170000.0,1970.0,646.0,112.6,102.5,31.484,2.1,4.0,2.5,16.616471994228128,16.724392768160833,SYN0203,synthetic,regression_residual_bootstrap_v2
2041-10-01,Hay Point,East Coast India,Coal,Capesize,170000.0,1980.0,640.0,98.6,97.2,27.78,1.7,2.0,0.5,16.724392768160833,14.828501280136166,SYN0203,synthetic,regression_residual_bootstrap_v2
2041-11-01,Hay Point,East Coast India,Coal,Capesize,170000.0,1560.0,638.0,124.2,124.4,32.410000000000004,2.0,2.0,0.5,14.828501280136166,15.578003511885793,SYN0203,synthetic,regression_residual_bootstrap_v2
2041-12-01,Hay Point,East Coast India,Coal,Capesize,170000.0,1890.0,642.0,135.1,107.5,43.522000000000006,3.1,3.0,2.5,15.578003511885793,13.225436726820883,SYN0203,synthetic,regression_residual_bootstrap_v2
2042-01-01,Hay Point,East Coast India,Coal,Capesize,170000.0,1360.0,592.0,104.0,100.1,26.854000000000003,1.6,1.0,0.0,13.225436726820883,15.366478750404921,SYN0203,synthetic,regression_residual_bootstrap_v2
2042-02-01,Hay Point,East Coast India,Coal,Capesize,170000.0,1910.0,650.0,129.8,102.2,31.484,1.9,2.0,1.0,15.366478750404921,16.106821630084927,SYN0203,synthetic,regression_residual_bootstrap_v2
2042-03-01,Hay Point,East Coast India,Coal,Capesize,170000.0,1950.0,660.0,142.0,118.9,35.188,2.6,4.0,2.0,16.106821630084927,15.104435125847573,SYN0203,synthetic,regression_residual_bootstrap_v2
2042-04-01,Hay Point,East Coast India,Coal,Capesize,170000.0,1680.0,645.0,131.5,109.8,27.78,1.7,1.0,0.0,15.104435125847573,15.900870957724575,SYN0203,synthetic,regression_residual_bootstrap_v2
2042-05-01,Hay Point,East Coast India,Coal,Capesize,170000.0,1950.0,660.0,142.0,118.9,35.188,2.6,4.0,2.0,15.900870957724575,16.317716298320107,SYN0203,synthetic,regression_residual_bootstrap_v2
2042-06-01,Hay Point,East Coast India,Coal,Capesize,170000.0,1980.0,640.0,98.6,97.2,27.78,1.7,2.0,0.5,16.317716298320107,14.147924919288634,SYN0203,synthetic,regression_residual_bootstrap_v2
2042-08-01,Hay Point,East Coast India,Coal,Capesize,170000.0,1970.0,646.0,112.6,102.5,31.484,2.1,4.0,2.5,13.8,17.070145217702148,SYN0204,synthetic,regression_residual_bootstrap_v2
2042-09-01,Hay Point,East Coast India,Coal,Capesize,170000.0,2150.0,658.0,104.4,97.0,37.966,2.8,5.0,2.5,17.070145217702148,17.521079599061984,SYN0204,synthetic,regression_residual_bootstrap_v2
2042-10-01,Hay Point,East Coast India,Coal,Capesize,170000.0,2080.0,652.0,109.0,92.3,45.9296,3.3,3.0,3.0,17.521079599061984,17.117740162864653,SYN0204,synthetic,regression_residual_bootstrap_v2
2042-11-01,Hay Point,East Coast India,Coal,Capesize,170000.0,1980.0,640.0,98.6,97.2,27.78,1.7,2.0,0.5,17.117740162864653,14.390246567247209,SYN0204,synthetic,regression_residual_bootstrap_v2
2042-12-01,Hay Point,East Coast India,Coal,Capesize,170000.0,1500.0,614.0,106.3,103.3,39.818000000000005,2.8,3.0,2.0,14.390246567247209,12.774051877227063,SYN0204,synthetic,regression_residual_bootstrap_v2
2043-01-01,Hay Point,East Coast India,Coal,Capesize,170000.0,1380.0,595.0,118.6,99.6,29.632,1.8,2.0,0.5,12.774051877227063,15.396149911611985,SYN0204,synthetic,regression_residual_bootstrap_v2
2043-02-01,Hay Point,East Coast India,Coal,Capesize,170000.0,1910.0,650.0,129.8,102.2,31.484,1.9,2.0,1.0,15.396149911611985,16.71252898691392,SYN0204,synthetic,regression_residual_bootstrap_v2
2043-03-01,Hay Point,East Coast India,Coal,Capesize,170000.0,1970.0,646.0,112.6,102.5,31.484,2.1,4.0,2.5,16.71252898691392,16.993336670880794,SYN0204,synthetic,regression_residual_bootstrap_v2
2043-04-01,Hay Point,East Coast India,Coal,Capesize,170000.0,1970.0,646.0,112.6,102.5,31.484,2.1,4.0,2.5,16.993336670880794,14.157513976722289,SYN0204,synthetic,regression_residual_bootstrap_v2
2043-05-01,Hay Point,East Coast India,Coal,Capesize,170000.0,1420.0,615.0,137.6,106.9,48.152,3.6,2.0,3.5,14.157513976722289,16.775974116194078,SYN0204,synthetic,regression_residual_bootstrap_v2
2043-06-01,Hay Point,East Coast India,Coal,Capesize,170000.0,2080.0,652.0,109.0,92.3,45.9296,3.3,3.0,3.0,16.775974116194078,16.89342778595752,SYN0204,synthetic,regression_residual_bootstrap_v2
2043-07-01,Hay Point,East Coast India,Coal,Capesize,170000.0,1980.0,640.0,98.6,97.2,27.78,1.7,2.0,0.5,16.89342778595752,16.059766471554582,SYN0204,synthetic,regression_residual_bootstrap_v2
2043-08-01,Hay Point,East Coast India,Coal,Capesize,170000.0,1820.0,655.0,135.0,112.8,26.2984,1.6,2.0,0.5,16.059766471554582,13.49872806827306,SYN0204,synthetic,regression_residual_bootstrap_v2
2043-09-01,Hay Point,East Coast India,Coal,Capesize,170000.0,1380.0,595.0,118.6,99.6,29.632,1.8,2.0,0.5,13.49872806827306,12.816600492847424,SYN0204,synthetic,regression_residual_bootstrap_v2
2043-10-01,Hay Point,East Coast India,Coal,Capesize,170000.0,1380.0,595.0,118.6,99.6,29.632,1.8,2.0,0.5,12.816600492847424,13.443445570705478,SYN0204,synthetic,regression_residual_bootstrap_v2
2043-11-01,Hay Point,East Coast India,Coal,Capesize,170000.0,1500.0,614.0,106.3,103.3,39.818000000000005,2.8,3.0,2.0,13.443445570705478,15.844836806327539,SYN0204,synthetic,regression_residual_bootstrap_v2
2043-12-01,Hay Point,East Coast India,Coal,Capesize,170000.0,1970.0,646.0,112.6,102.5,31.484,2.1,4.0,2.5,15.844836806327539,15.818973363668029,SYN0204,synthetic,regression_residual_bootstrap_v2
2044-01-01,Hay Point,East Coast India,Coal,Capesize,170000.0,1820.0,655.0,135.0,112.8,26.2984,1.6,2.0,0.5,15.818973363668029,15.778464041564744,SYN0204,synthetic,regression_residual_bootstrap_v2
2044-02-01,Hay Point,East Coast India,Coal,Capesize,170000.0,1820.0,655.0,135.0,112.8,26.2984,1.6,2.0,0.5,15.778464041564744,13.122921369921201,SYN0204,synthetic,regression_residual_bootstrap_v2
2044-03-01,Hay Point,East Coast India,Coal,Capesize,170000.0,1310.0,588.0,106.9,105.1,31.1136,1.9,2.0,0.5,13.122921369921201,15.464961525640119,SYN0204,synthetic,regression_residual_bootstrap_v2
2044-04-01,Hay Point,East Coast India,Coal,Capesize,170000.0,1850.0,635.0,107.5,103.5,33.7064,2.3,5.0,4.0,15.464961525640119,13.171308461959796,SYN0204,synthetic,regression_residual_bootstrap_v2
2044-05-01,Hay Point,East Coast India,Coal,Capesize,170000.0,1350.0,605.0,145.8,99.9,46.6704,3.4,2.0,3.0,13.171308461959796,14.53876963794657,SYN0204,synthetic,regression_residual_bootstrap_v2
2044-06-01,Hay Point,East Coast India,Coal,Capesize,170000.0,1740.0,630.0,146.6,101.4,32.410000000000004,2.2,5.0,3.5,14.53876963794657,15.048073682867866,SYN0204,synthetic,regression_residual_bootstrap_v2
2044-07-01,Hay Point,East Coast India,Coal,Capesize,170000.0,1740.0,630.0,146.6,101.4,32.410000000000004,2.2,5.0,3.5,15.048073682867866,17.134563157249897,SYN0204,synthetic,regression_residual_bootstrap_v2
2044-08-01,Hay Point,East Coast India,Coal,Capesize,170000.0,2150.0,658.0,104.4,97.0,37.966,2.8,5.0,2.5,17.134563157249897,17.98433021931829,SYN0204,synthetic,regression_residual_bootstrap_v2
2044-09-01,Hay Point,East Coast India,Coal,Capesize,170000.0,2150.0,658.0,104.4,97.0,37.966,2.8,5.0,2.5,17.98433021931829,14.745294900482882,SYN0204,synthetic,regression_residual_bootstrap_v2
2044-10-01,Hay Point,East Coast India,Coal,Capesize,170000.0,1500.0,614.0,106.3,103.3,39.818000000000005,2.8,3.0,2.0,14.745294900482882,15.820091369376138,SYN0204,synthetic,regression_residual_bootstrap_v2
2044-11-01,Hay Point,East Coast India,Coal,Capesize,170000.0,1880.0,648.0,142.1,100.5,31.1136,2.0,4.0,2.5,15.820091369376138,15.897733678141432,SYN0204,synthetic,regression_residual_bootstrap_v2
2044-12-01,Hay Point,East Coast India,Coal,Capesize,170000.0,1820.0,655.0,135.0,112.8,26.2984,1.6,2.0,0.5,15.897733678141432,15.648218738062019,SYN0204,synthetic,regression_residual_bootstrap_v2
2045-01-01,Hay Point,East Coast India,Coal,Capesize,170000.0,1820.0,655.0,135.0,112.8,26.2984,1.6,2.0,0.5,15.648218738062019,14.077196439130113,SYN0204,synthetic,regression_residual_bootstrap_v2
2045-02-01,Hay Point,East Coast India,Coal,Capesize,170000.0,1460.0,608.0,112.2,99.7,48.152,3.5,2.0,3.5,14.077196439130113,15.666948818827379,SYN0204,synthetic,regression_residual_bootstrap_v2
2045-03-01,Hay Point,East Coast India,Coal,Capesize,170000.0,1850.0,635.0,107.5,103.5,33.7064,2.3,5.0,4.0,15.666948818827379,16.420702801987588,SYN0204,synthetic,regression_residual_bootstrap_v2
2045-04-01,Hay Point,East Coast India,Coal,Capesize,170000.0,1980.0,640.0,98.6,97.2,27.78,1.7,2.0,0.5,16.420702801987588,17.27806594709639,SYN0204,synthetic,regression_residual_bootstrap_v2
2045-05-01,Hay Point,East Coast India,Coal,Capesize,170000.0,2080.0,652.0,109.0,92.3,45.9296,3.3,3.0,3.0,17.27806594709639,14.570612151419919,SYN0204,synthetic,regression_residual_bootstrap_v2
2045-06-01,Hay Point,East Coast India,Coal,Capesize,170000.0,1500.0,614.0,106.3,103.3,39.818000000000005,2.8,3.0,2.0,14.570612151419919,13.018667216012245,SYN0204,synthetic,regression_residual_bootstrap_v2
2045-07-01,Hay Point,East Coast India,Coal,Capesize,170000.0,1390.0,610.0,139.2,92.8,38.52160000000001,2.7,3.0,2.0,13.018667216012245,13.204035754939769,SYN0204,synthetic,regression_residual_bootstrap_v2
2045-08-01,Hay Point,East Coast India,Coal,Capesize,170000.0,1460.0,608.0,112.2,99.7,48.152,3.5,2.0,3.5,13.204035754939769,13.84197700953915,SYN0204,synthetic,regression_residual_bootstrap_v2
2045-09-01,Hay Point,East Coast India,Coal,Capesize,170000.0,1540.0,620.0,112.9,97.3,50.93,3.8,2.0,4.0,13.84197700953915,12.659412562765182,SYN0204,synthetic,regression_residual_bootstrap_v2
2045-10-01,Hay Point,East Coast India,Coal,Capesize,170000.0,1390.0,610.0,139.2,92.8,38.52160000000001,2.7,3.0,2.0,12.659412562765182,15.131209287165817,SYN0204,synthetic,regression_residual_bootstrap_v2
2045-11-01,Hay Point,East Coast India,Coal,Capesize,170000.0,1910.0,650.0,129.8,102.2,31.484,1.9,2.0,1.0,15.131209287165817,13.023764814700407,SYN0204,synthetic,regression_residual_bootstrap_v2
2045-12-01,Hay Point,East Coast India,Coal,Capesize,170000.0,1350.0,605.0,145.8,99.9,46.6704,3.4,2.0,3.0,13.023764814700407,13.44819520954587,SYN0204,synthetic,regression_residual_bootstrap_v2
2046-01-01,Hay Point,East Coast India,Coal,Capesize,170000.0,1500.0,614.0,106.3,103.3,39.818000000000005,2.8,3.0,2.0,13.44819520954587,15.826543971831326,SYN0204,synthetic,regression_residual_bootstrap_v2
2046-02-01,Hay Point,East Coast India,Coal,Capesize,170000.0,1950.0,660.0,142.0,118.9,35.188,2.6,4.0,2.0,15.826543971831326,15.889352550996001,SYN0204,synthetic,regression_residual_bootstrap_v2
2046-03-01,Hay Point,East Coast India,Coal,Capesize,170000.0,1910.0,650.0,129.8,102.2,31.484,1.9,2.0,1.0,15.889352550996001,14.566007638492113,SYN0204,synthetic,regression_residual_bootstrap_v2
2046-04-01,Hay Point,East Coast India,Coal,Capesize,170000.0,1540.0,620.0,112.9,97.3,50.93,3.8,2.0,4.0,14.566007638492113,16.15743438869125,SYN0204,synthetic,regression_residual_bootstrap_v2
2046-05-01,Hay Point,East Coast India,Coal,Capesize,170000.0,1980.0,640.0,98.6,97.2,27.78,1.7,2.0,0.5,16.15743438869125,16.161782821390617,SYN0204,synthetic,regression_residual_bootstrap_v2
2046-06-01,Hay Point,East Coast India,Coal,Capesize,170000.0,1910.0,650.0,129.8,102.2,31.484,1.9,2.0,1.0,16.161782821390617,15.784675010735175,SYN0204,synthetic,regression_residual_bootstrap_v2
2046-07-01,Hay Point,East Coast India,Coal,Capesize,170000.0,1820.0,655.0,135.0,112.8,26.2984,1.6,2.0,0.5,15.784675010735175,16.66126908285416,SYN0204,synthetic,regression_residual_bootstrap_v2
2046-08-01,Hay Point,East Coast India,Coal,Capesize,170000.0,1970.0,646.0,112.6,102.5,31.484,2.1,4.0,2.5,16.66126908285416,17.28557725745985,SYN0204,synthetic,regression_residual_bootstrap_v2
2046-10-01,Hay Point,East Coast India,Coal,Capesize,170000.0,1380.0,595.0,118.6,99.6,29.632,1.8,2.0,0.5,14.3,12.92843355441251,SYN0205,synthetic,regression_residual_bootstrap_v2
2046-11-01,Hay Point,East Coast India,Coal,Capesize,170000.0,1350.0,605.0,145.8,99.9,46.6704,3.4,2.0,3.0,12.92843355441251,15.556509436667609,SYN0205,synthetic,regression_residual_bootstrap_v2
2046-12-01,Hay Point,East Coast India,Coal,Capesize,170000.0,1950.0,660.0,142.0,118.9,35.188,2.6,4.0,2.0,15.556509436667609,15.413583616716682,SYN0205,synthetic,regression_residual_bootstrap_v2
2047-01-01,Hay Point,East Coast India,Coal,Capesize,170000.0,1820.0,655.0,135.0,112.8,26.2984,1.6,2.0,0.5,15.413583616716682,13.627990089023719,SYN0205,synthetic,regression_residual_bootstrap_v2
2047-02-01,Hay Point,East Coast India,Coal,Capesize,170000.0,1420.0,615.0,137.6,106.9,48.152,3.6,2.0,3.5,13.627990089023719,12.645678313478282,SYN0205,synthetic,regression_residual_bootstrap_v2
2047-03-01,Hay Point,East Coast India,Coal,Capesize,170000.0,1350.0,605.0,145.8,99.9,46.6704,3.4,2.0,3.0,12.645678313478282,15.741303722748366,SYN0205,synthetic,regression_residual_bootstrap_v2
2047-04-01,Hay Point,East Coast India,Coal,Capesize,170000.0,1980.0,640.0,98.6,97.2,27.78,1.7,2.0,0.5,15.741303722748366,16.121238849183165,SYN0205,synthetic,regression_residual_bootstrap_v2
2047-05-01,Hay Point,East Coast India,Coal,Capesize,170000.0,1910.0,650.0,129.8,102.2,31.484,1.9,2.0,1.0,16.121238849183165,16.876371654754948,SYN0205,synthetic,regression_residual_bootstrap_v2
2047-06-01,Hay Point,East Coast India,Coal,Capesize,170000.0,1970.0,646.0,112.6,102.5,31.484,2.1,4.0,2.5,16.876371654754948,13.311495527071578,SYN0205,synthetic,regression_residual_bootstrap_v2
2047-07-01,Hay Point,East Coast India,Coal,Capesize,170000.0,1310.0,588.0,106.9,105.1,31.1136,1.9,2.0,0.5,13.311495527071578,12.813448658121473,SYN0205,synthetic,regression_residual_bootstrap_v2
2047-08-01,Hay Point,East Coast India,Coal,Capesize,170000.0,1390.0,610.0,139.2,92.8,38.52160000000001,2.7,3.0,2.0,12.813448658121473,15.067240335207222,SYN0205,synthetic,regression_residual_bootstrap_v2
2047-09-01,Hay Point,East Coast India,Coal,Capesize,170000.0,1880.0,648.0,142.1,100.5,31.1136,2.0,4.0,2.5,15.067240335207222,13.42713677816775,SYN0205,synthetic,regression_residual_bootstrap_v2
2047-10-01,Hay Point,East Coast India,Coal,Capesize,170000.0,1390.0,610.0,139.2,92.8,38.52160000000001,2.7,3.0,2.0,13.42713677816775,14.579308019897304,SYN0205,synthetic,regression_residual_bootstrap_v2
2047-11-01,Hay Point,East Coast India,Coal,Capesize,170000.0,1740.0,630.0,146.6,101.4,32.410000000000004,2.2,5.0,3.5,14.579308019897304,16.81486233641754,SYN0205,synthetic,regression_residual_bootstrap_v2
2047-12-01,Hay Point,East Coast India,Coal,Capesize,170000.0,2080.0,652.0,109.0,92.3,45.9296,3.3,3.0,3.0,16.81486233641754,17.01445870092526,SYN0205,synthetic,regression_residual_bootstrap_v2
2048-01-01,Hay Point,East Coast India,Coal,Capesize,170000.0,1980.0,640.0,98.6,97.2,27.78,1.7,2.0,0.5,17.01445870092526,13.658888079337238,SYN0205,synthetic,regression_residual_bootstrap_v2
2048-02-01,Hay Point,East Coast India,Coal,Capesize,170000.0,1350.0,605.0,145.8,99.9,46.6704,3.4,2.0,3.0,13.658888079337238,12.71066987775685,SYN0205,synthetic,regression_residual_bootstrap_v2
2048-03-01,Hay Point,East Coast India,Coal,Capesize,170000.0,1350.0,605.0,145.8,99.9,46.6704,3.4,2.0,3.0,12.71066987775685,15.49592192339392,SYN0205,synthetic,regression_residual_bootstrap_v2
2048-04-01,Hay Point,East Coast India,Coal,Capesize,170000.0,1950.0,660.0,142.0,118.9,35.188,2.6,4.0,2.0,15.49592192339392,15.640514712785503,SYN0205,synthetic,regression_residual_bootstrap_v2
2048-05-01,Hay Point,East Coast India,Coal,Capesize,170000.0,1820.0,655.0,135.0,112.8,26.2984,1.6,2.0,0.5,15.640514712785503,12.908239409826937,SYN0205,synthetic,regression_residual_bootstrap_v2
2048-06-01,Hay Point,East Coast India,Coal,Capesize,170000.0,1310.0,588.0,106.9,105.1,31.1136,1.9,2.0,0.5,12.908239409826937,12.529095510098257,SYN0205,synthetic,regression_residual_bootstrap_v2
2048-07-01,Hay Point,East Coast India,Coal,Capesize,170000.0,1360.0,592.0,104.0,100.1,26.854000000000003,1.6,1.0,0.0,12.529095510098257,15.154845567676626,SYN0205,synthetic,regression_residual_bootstrap_v2
2048-08-01,Hay Point,East Coast India,Coal,Capesize,170000.0,1910.0,650.0,129.8,102.2,31.484,1.9,2.0,1.0,15.154845567676626,16.185941387621632,SYN0205,synthetic,regression_residual_bootstrap_v2
2048-09-01,Hay Point,East Coast India,Coal,Capesize,170000.0,1850.0,635.0,107.5,103.5,33.7064,2.3,5.0,4.0,16.185941387621632,17.52644652696932,SYN0205,synthetic,regression_residual_bootstrap_v2
2048-10-01,Hay Point,East Coast India,Coal,Capesize,170000.0,2150.0,658.0,104.4,97.0,37.966,2.8,5.0,2.5,17.52644652696932,18.188079175792943,SYN0205,synthetic,regression_residual_bootstrap_v2
2048-11-01,Hay Point,East Coast India,Coal,Capesize,170000.0,2150.0,658.0,104.4,97.0,37.966,2.8,5.0,2.5,18.188079175792943,15.421073121147952,SYN0205,synthetic,regression_residual_bootstrap_v2
2048-12-01,Hay Point,East Coast India,Coal,Capesize,170000.0,1540.0,620.0,112.9,97.3,50.93,3.8,2.0,4.0,15.421073121147952,16.180441471006233,SYN0205,synthetic,regression_residual_bootstrap_v2
2049-01-01,Hay Point,East Coast India,Coal,Capesize,170000.0,1950.0,660.0,142.0,118.9,35.188,2.6,4.0,2.0,16.180441471006233,15.863151863840365,SYN0205,synthetic,regression_residual_bootstrap_v2
2049-02-01,Hay Point,East Coast India,Coal,Capesize,170000.0,1820.0,655.0,135.0,112.8,26.2984,1.6,2.0,0.5,15.863151863840365,13.634625994622484,SYN0205,synthetic,regression_residual_bootstrap_v2
2049-03-01,Hay Point,East Coast India,Coal,Capesize,170000.0,1390.0,610.0,139.2,92.8,38.52160000000001,2.7,3.0,2.0,13.634625994622484,12.375181941943492,SYN0205,synthetic,regression_residual_bootstrap_v2
2049-04-01,Hay Point,East Coast India,Coal,Capesize,170000.0,1310.0,588.0,106.9,105.1,31.1136,1.9,2.0,0.5,12.375181941943492,15.314092092961998,SYN0205,synthetic,regression_residual_bootstrap_v2
2049-05-01,Hay Point,East Coast India,Coal,Capesize,170000.0,1950.0,660.0,142.0,118.9,35.188,2.6,4.0,2.0,15.314092092961998,16.3555077047112,SYN0205,synthetic,regression_residual_bootstrap_v2
2049-06-01,Hay Point,East Coast India,Coal,Capesize,170000.0,1970.0,646.0,112.6,102.5,31.484,2.1,4.0,2.5,16.3555077047112,13.438472315681121,SYN0205,synthetic,regression_residual_bootstrap_v2
2049-07-01,Hay Point,East Coast India,Coal,Capesize,170000.0,1350.0,605.0,145.8,99.9,46.6704,3.4,2.0,3.0,13.438472315681121,13.035456698713048,SYN0205,synthetic,regression_residual_bootstrap_v2
2049-08-01,Hay Point,East Coast India,Coal,Capesize,170000.0,1420.0,615.0,137.6,106.9,48.152,3.6,2.0,3.5,13.035456698713048,15.920386674600373,SYN0205,synthetic,regression_residual_bootstrap_v2
2049-09-01,Hay Point,East Coast India,Coal,Capesize,170000.0,1970.0,646.0,112.6,102.5,31.484,2.1,4.0,2.5,15.920386674600373,13.456914129186796,SYN0205,synthetic,regression_residual_bootstrap_v2
2049-10-01,Hay Point,East Coast India,Coal,Capesize,170000.0,1380.0,595.0,118.6,99.6,29.632,1.8,2.0,0.5,13.456914129186796,14.047074238756037,SYN0205,synthetic,regression_residual_bootstrap_v2
2049-11-01,Hay Point,East Coast India,Coal,Capesize,170000.0,1680.0,645.0,131.5,109.8,27.78,1.7,1.0,0.0,14.047074238756037,15.330248873782068,SYN0205,synthetic,regression_residual_bootstrap_v2
2049-12-01,Hay Point,East Coast India,Coal,Capesize,170000.0,1890.0,642.0,135.1,107.5,43.522000000000006,3.1,3.0,2.5,15.330248873782068,14.220183126081249,SYN0205,synthetic,regression_residual_bootstrap_v2
2050-01-01,Hay Point,East Coast India,Coal,Capesize,170000.0,1540.0,620.0,112.9,97.3,50.93,3.8,2.0,4.0,14.220183126081249,17.053513310736424,SYN0205,synthetic,regression_residual_bootstrap_v2
2050-02-01,Hay Point,East Coast India,Coal,Capesize,170000.0,2150.0,658.0,104.4,97.0,37.966,2.8,5.0,2.5,17.053513310736424,17.027370103794873,SYN0205,synthetic,regression_residual_bootstrap_v2
2050-03-01,Hay Point,East Coast India,Coal,Capesize,170000.0,1970.0,646.0,112.6,102.5,31.484,2.1,4.0,2.5,17.027370103794873,16.331416768909243,SYN0205,synthetic,regression_residual_bootstrap_v2
2050-04-01,Hay Point,East Coast India,Coal,Capesize,170000.0,1880.0,648.0,142.1,100.5,31.1136,2.0,4.0,2.5,16.331416768909243,16.12021113824353,SYN0205,synthetic,regression_residual_bootstrap_v2
2050-05-01,Hay Point,East Coast India,Coal,Capesize,170000.0,1890.0,642.0,135.1,107.5,43.522000000000006,3.1,3.0,2.5,16.12021113824353,15.845082764011554,SYN0205,synthetic,regression_residual_bootstrap_v2
2050-06-01,Hay Point,East Coast India,Coal,Capesize,170000.0,1820.0,655.0,135.0,112.8,26.2984,1.6,2.0,0.5,15.845082764011554,13.804857808929281,SYN0205,synthetic,regression_residual_bootstrap_v2
2050-07-01,Hay Point,East Coast India,Coal,Capesize,170000.0,1420.0,615.0,137.6,106.9,48.152,3.6,2.0,3.5,13.804857808929281,12.748471283483028,SYN0205,synthetic,regression_residual_bootstrap_v2
2050-08-01,Hay Point,East Coast India,Coal,Capesize,170000.0,1380.0,595.0,118.6,99.6,29.632,1.8,2.0,0.5,12.748471283483028,14.152652189051512,SYN0205,synthetic,regression_residual_bootstrap_v2
2050-09-01,Hay Point,East Coast India,Coal,Capesize,170000.0,1680.0,645.0,131.5,109.8,27.78,1.7,1.0,0.0,14.152652189051512,15.571764130853603,SYN0205,synthetic,regression_residual_bootstrap_v2
2050-10-01,Hay Point,East Coast India,Coal,Capesize,170000.0,1910.0,650.0,129.8,102.2,31.484,1.9,2.0,1.0,15.571764130853603,13.293093649119985,SYN0205,synthetic,regression_residual_bootstrap_v2
2030-02-01,Hay Point,East Coast India,Coal,Panamax,75000.0,1420.0,615.0,137.6,106.9,48.152,3.6,2.0,3.5,15.0,14.967643122126209,SYN0301,synthetic,regression_residual_bootstrap_v2
2030-03-01,Hay Point,East Coast India,Coal,Panamax,75000.0,1360.0,592.0,104.0,100.1,26.854000000000003,1.6,1.0,0.0,14.967643122126209,14.996655041839674,SYN0301,synthetic,regression_residual_bootstrap_v2
2030-04-01,Hay Point,East Coast India,Coal,Panamax,75000.0,1380.0,595.0,118.6,99.6,29.632,1.8,2.0,0.5,14.996655041839674,17.04130343557824,SYN0301,synthetic,regression_residual_bootstrap_v2
2030-05-01,Hay Point,East Coast India,Coal,Panamax,75000.0,1740.0,630.0,146.6,101.4,32.410000000000004,2.2,5.0,3.5,17.04130343557824,17.65469795369981,SYN0301,synthetic,regression_residual_bootstrap_v2
2030-06-01,Hay Point,East Coast India,Coal,Panamax,75000.0,1740.0,630.0,146.6,101.4,32.410000000000004,2.2,5.0,3.5,17.65469795369981,15.514127779117945,SYN0301,synthetic,regression_residual_bootstrap_v2
2030-07-01,Hay Point,East Coast India,Coal,Panamax,75000.0,1380.0,595.0,118.6,99.6,29.632,1.8,2.0,0.5,15.514127779117945,18.19804790731889,SYN0301,synthetic,regression_residual_bootstrap_v2
2030-08-01,Hay Point,East Coast India,Coal,Panamax,75000.0,1910.0,650.0,129.8,102.2,31.484,1.9,2.0,1.0,18.19804790731889,16.339506286231806,SYN0301,synthetic,regression_residual_bootstrap_v2
2030-09-01,Hay Point,East Coast India,Coal,Panamax,75000.0,1420.0,615.0,137.6,106.9,48.152,3.6,2.0,3.5,16.339506286231806,17.125927225615623,SYN0301,synthetic,regression_residual_bootstrap_v2
2030-10-01,Hay Point,East Coast India,Coal,Panamax,75000.0,1680.0,645.0,131.5,109.8,27.78,1.7,1.0,0.0,17.125927225615623,16.609773075920376,SYN0301,synthetic,regression_residual_bootstrap_v2
2030-11-01,Hay Point,East Coast India,Coal,Panamax,75000.0,1560.0,638.0,124.2,124.4,32.410000000000004,2.0,2.0,0.5,16.609773075920376,16.454926831011804,SYN0301,synthetic,regression_residual_bootstrap_v2
2030-12-01,Hay Point,East Coast India,Coal,Panamax,75000.0,1560.0,638.0,124.2,124.4,32.410000000000004,2.0,2.0,0.5,16.454926831011804,16.689620202747772,SYN0301,synthetic,regression_residual_bootstrap_v2
2031-01-01,Hay Point,East Coast India,Coal,Panamax,75000.0,1540.0,620.0,112.9,97.3,50.93,3.8,2.0,4.0,16.689620202747772,17.755622295159334,SYN0301,synthetic,regression_residual_bootstrap_v2
2031-02-01,Hay Point,East Coast India,Coal,Panamax,75000.0,1820.0,655.0,135.0,112.8,26.2984,1.6,2.0,0.5,17.755622295159334,18.771250482980754,SYN0301,synthetic,regression_residual_bootstrap_v2
2031-03-01,Hay Point,East Coast India,Coal,Panamax,75000.0,1910.0,650.0,129.8,102.2,31.484,1.9,2.0,1.0,18.771250482980754,15.817665408218176,SYN0301,synthetic,regression_residual_bootstrap_v2
2031-04-01,Hay Point,East Coast India,Coal,Panamax,75000.0,1310.0,588.0,106.9,105.1,31.1136,1.9,2.0,0.5,15.817665408218176,19.722820381808138,SYN0301,synthetic,regression_residual_bootstrap_v2
2031-05-01,Hay Point,East Coast India,Coal,Panamax,75000.0,2150.0,658.0,104.4,97.0,37.966,2.8,5.0,2.5,19.722820381808138,18.09649866621135,SYN0301,synthetic,regression_residual_bootstrap_v2
2031-06-01,Hay Point,East Coast India,Coal,Panamax,75000.0,1680.0,645.0,131.5,109.8,27.78,1.7,1.0,0.0,18.09649866621135,15.507596741061146,SYN0301,synthetic,regression_residual_bootstrap_v2
2031-07-01,Hay Point,East Coast India,Coal,Panamax,75000.0,1310.0,588.0,106.9,105.1,31.1136,1.9,2.0,0.5,15.507596741061146,18.094807647220343,SYN0301,synthetic,regression_residual_bootstrap_v2
2031-08-01,Hay Point,East Coast India,Coal,Panamax,75000.0,1890.0,642.0,135.1,107.5,43.522000000000006,3.1,3.0,2.5,18.094807647220343,19.360280006025164,SYN0301,synthetic,regression_residual_bootstrap_v2
2031-09-01,Hay Point,East Coast India,Coal,Panamax,75000.0,1970.0,646.0,112.6,102.5,31.484,2.1,4.0,2.5,19.360280006025164,16.65808400180755,SYN0301,synthetic,regression_residual_bootstrap_v2
2031-10-01,Hay Point,East Coast India,Coal,Panamax,75000.0,1420.0,615.0,137.6,106.9,48.152,3.6,2.0,3.5,16.65808400180755,15.456565516465366,SYN0301,synthetic,regression_residual_bootstrap_v2
2031-11-01,Hay Point,East Coast India,Coal,Panamax,75000.0,1360.0,592.0,104.0,100.1,26.854000000000003,1.6,1.0,0.0,15.456565516465366,18.548656146591938,SYN0301,synthetic,regression_residual_bootstrap_v2
2031-12-01,Hay Point,East Coast India,Coal,Panamax,75000.0,1980.0,640.0,98.6,97.2,27.78,1.7,2.0,0.5,18.548656146591938,19.274063516883714,SYN0301,synthetic,regression_residual_bootstrap_v2
2032-01-01,Hay Point,East Coast India,Coal,Panamax,75000.0,1950.0,660.0,142.0,118.9,35.188,2.6,4.0,2.0,19.274063516883714,17.028184009711254,SYN0301,synthetic,regression_residual_bootstrap_v2
2032-02-01,Hay Point,East Coast India,Coal,Panamax,75000.0,1460.0,608.0,112.2,99.7,48.152,3.5,2.0,3.5,17.028184009711254,15.339937420014184,SYN0301,synthetic,regression_residual_bootstrap_v2
2032-03-01,Hay Point,East Coast India,Coal,Panamax,75000.0,1310.0,588.0,106.9,105.1,31.1136,1.9,2.0,0.5,15.339937420014184,15.114760146995563,SYN0301,synthetic,regression_residual_bootstrap_v2
2032-04-01,Hay Point,East Coast India,Coal,Panamax,75000.0,1360.0,592.0,104.0,100.1,26.854000000000003,1.6,1.0,0.0,15.114760146995563,15.048160383707375,SYN0301,synthetic,regression_residual_bootstrap_v2
2032-05-01,Hay Point,East Coast India,Coal,Panamax,75000.0,1380.0,595.0,118.6,99.6,29.632,1.8,2.0,0.5,15.048160383707375,15.11901648755994,SYN0301,synthetic,regression_residual_bootstrap_v2
2032-06-01,Hay Point,East Coast India,Coal,Panamax,75000.0,1390.0,610.0,139.2,92.8,38.52160000000001,2.7,3.0,2.0,15.11901648755994,15.789912094099071,SYN0301,synthetic,regression_residual_bootstrap_v2
2032-07-01,Hay Point,East Coast India,Coal,Panamax,75000.0,1460.0,608.0,112.2,99.7,48.152,3.5,2.0,3.5,15.789912094099071,17.26697362822972,SYN0301,synthetic,regression_residual_bootstrap_v2
2032-08-01,Hay Point,East Coast India,Coal,Panamax,75000.0,1740.0,630.0,146.6,101.4,32.410000000000004,2.2,5.0,3.5,17.26697362822972,20.203577802457744,SYN0301,synthetic,regression_residual_bootstrap_v2
2032-09-01,Hay Point,East Coast India,Coal,Panamax,75000.0,2150.0,658.0,104.4,97.0,37.966,2.8,5.0,2.5,20.203577802457744,20.664624544012742,SYN0301,synthetic,regression_residual_bootstrap_v2
2032-10-01,Hay Point,East Coast India,Coal,Panamax,75000.0,2080.0,652.0,109.0,92.3,45.9296,3.3,3.0,3.0,20.664624544012742,18.682270042344737,SYN0301,synthetic,regression_residual_bootstrap_v2
2032-11-01,Hay Point,East Coast India,Coal,Panamax,75000.0,1740.0,630.0,146.6,101.4,32.410000000000004,2.2,5.0,3.5,18.682270042344737,18.33485790144207,SYN0301,synthetic,regression_residual_bootstrap_v2
2032-12-01,Hay Point,East Coast India,Coal,Panamax,75000.0,1740.0,630.0,146.6,101.4,32.410000000000004,2.2,5.0,3.5,18.33485790144207,18.73609709405786,SYN0301,synthetic,regression_residual_bootstrap_v2
2033-01-01,Hay Point,East Coast India,Coal,Panamax,75000.0,1890.0,642.0,135.1,107.5,43.522000000000006,3.1,3.0,2.5,18.73609709405786,18.568151116281907,SYN0301,synthetic,regression_residual_bootstrap_v2
2033-02-01,Hay Point,East Coast India,Coal,Panamax,75000.0,1820.0,655.0,135.0,112.8,26.2984,1.6,2.0,0.5,18.568151116281907,19.368409011127437,SYN0301,synthetic,regression_residual_bootstrap_v2
2033-03-01,Hay Point,East Coast India,Coal,Panamax,75000.0,1980.0,640.0,98.6,97.2,27.78,1.7,2.0,0.5,19.368409011127437,19.47562274307895,SYN0301,synthetic,regression_residual_bootstrap_v2
2033-04-01,Hay Point,East Coast India,Coal,Panamax,75000.0,1950.0,660.0,142.0,118.9,35.188,2.6,4.0,2.0,19.47562274307895,19.514884156418482,SYN0301,synthetic,regression_residual_bootstrap_v2
2033-05-01,Hay Point,East Coast India,Coal,Panamax,75000.0,1950.0,660.0,142.0,118.9,35.188,2.6,4.0,2.0,19.514884156418482,17.326460155161236,SYN0301,synthetic,regression_residual_bootstrap_v2
2033-06-01,Hay Point,East Coast India,Coal,Panamax,75000.0,1560.0,638.0,124.2,124.4,32.410000000000004,2.0,2.0,0.5,17.326460155161236,15.436517557403256,SYN0301,synthetic,regression_residual_bootstrap_v2
2033-07-01,Hay Point,East Coast India,Coal,Panamax,75000.0,1310.0,588.0,106.9,105.1,31.1136,1.9,2.0,0.5,15.436517557403256,15.086291466320846,SYN0301,synthetic,regression_residual_bootstrap_v2
2033-08-01,Hay Point,East Coast India,Coal,Panamax,75000.0,1360.0,592.0,104.0,100.1,26.854000000000003,1.6,1.0,0.0,15.086291466320846,14.81142348237076,SYN0301,synthetic,regression_residual_bootstrap_v2
2033-09-01,Hay Point,East Coast India,Coal,Panamax,75000.0,1310.0,588.0,106.9,105.1,31.1136,1.9,2.0,0.5,14.81142348237076,15.815678459357565,SYN0301,synthetic,regression_residual_bootstrap_v2
2033-10-01,Hay Point,East Coast India,Coal,Panamax,75000.0,1500.0,614.0,106.3,103.3,39.818000000000005,2.8,3.0,2.0,15.815678459357565,17.98034326143251,SYN0301,synthetic,regression_residual_bootstrap_v2
2033-11-01,Hay Point,East Coast India,Coal,Panamax,75000.0,1890.0,642.0,135.1,107.5,43.522000000000006,3.1,3.0,2.5,17.98034326143251,15.625573379611966,SYN0301,synthetic,regression_residual_bootstrap_v2
2033-12-01,Hay Point,East Coast India,Coal,Panamax,75000.0,1350.0,605.0,145.8,99.9,46.6704,3.4,2.0,3.0,15.625573379611966,17.888531697960488,SYN0301,synthetic,regression_residual_bootstrap_v2
2034-01-01,Hay Point,East Coast India,Coal,Panamax,75000.0,1880.0,648.0,142.1,100.5,31.1136,2.0,4.0,2.5,17.888531697960488,15.840982297465317,SYN0301,synthetic,regression_residual_bootstrap_v2
2034-02-01,Hay Point,East Coast India,Coal,Panamax,75000.0,1350.0,605.0,145.8,99.9,46.6704,3.4,2.0,3.0,15.840982297465317,18.68413240109866,SYN0301,synthetic,regression_residual_bootstrap_v2
2034-04-01,Hay Point,East Coast India,Coal,Panamax,75000.0,1680.0,645.0,131.5,109.8,27.78,1.7,1.0,0.0,19.0,19.043282845751442,SYN0302,synthetic,regression_residual_bootstrap_v2
2034-05-01,Hay Point,East Coast India,Coal,Panamax,75000.0,1890.0,642.0,135.1,107.5,43.522000000000006,3.1,3.0,2.5,19.043282845751442,17.077866033964874,SYN0302,synthetic,regression_residual_bootstrap_v2
2034-06-01,Hay Point,East Coast India,Coal,Panamax,75000.0,1500.0,614.0,106.3,103.3,39.818000000000005,2.8,3.0,2.0,17.077866033964874,15.483359810189462,SYN0302,synthetic,regression_residual_bootstrap_v2
2034-07-01,Hay Point,East Coast India,Coal,Panamax,75000.0,1360.0,592.0,104.0,100.1,26.854000000000003,1.6,1.0,0.0,15.483359810189462,14.809063060568976,SYN0302,synthetic,regression_residual_bootstrap_v2
2034-08-01,Hay Point,East Coast India,Coal,Panamax,75000.0,1310.0,588.0,106.9,105.1,31.1136,1.9,2.0,0.5,14.809063060568976,19.320785685860567,SYN0302,synthetic,regression_residual_bootstrap_v2
2034-09-01,Hay Point,East Coast India,Coal,Panamax,75000.0,2080.0,652.0,109.0,92.3,45.9296,3.3,3.0,3.0,19.320785685860567,20.35623570575817,SYN0302,synthetic,regression_residual_bootstrap_v2
2034-10-01,Hay Point,East Coast India,Coal,Panamax,75000.0,2080.0,652.0,109.0,92.3,45.9296,3.3,3.0,3.0,20.35623570575817,16.43231066897693,SYN0302,synthetic,regression_residual_bootstrap_v2
2034-11-01,Hay Point,East Coast India,Coal,Panamax,75000.0,1350.0,605.0,145.8,99.9,46.6704,3.4,2.0,3.0,16.43231066897693,18.907495867198282,SYN0302,synthetic,regression_residual_bootstrap_v2
2034-12-01,Hay Point,East Coast India,Coal,Panamax,75000.0,1970.0,646.0,112.6,102.5,31.484,2.1,4.0,2.5,18.907495867198282,19.05968459889089,SYN0302,synthetic,regression_residual_bootstrap_v2
2035-01-01,Hay Point,East Coast India,Coal,Panamax,75000.0,1850.0,635.0,107.5,103.5,33.7064,2.3,5.0,4.0,19.05968459889089,18.658369521176045,SYN0302,synthetic,regression_residual_bootstrap_v2
2035-02-01,Hay Point,East Coast India,Coal,Panamax,75000.0,1820.0,655.0,135.0,112.8,26.2984,1.6,2.0,0.5,18.658369521176045,18.883778516744105,SYN0302,synthetic,regression_residual_bootstrap_v2
2035-03-01,Hay Point,East Coast India,Coal,Panamax,75000.0,1880.0,648.0,142.1,100.5,31.1136,2.0,4.0,2.5,18.883778516744105,18.93396537668312,SYN0302,synthetic,regression_residual_bootstrap_v2
2035-04-01,Hay Point,East Coast India,Coal,Panamax,75000.0,1880.0,648.0,142.1,100.5,31.1136,2.0,4.0,2.5,18.93396537668312,20.398859636040914,SYN0302,synthetic,regression_residual_bootstrap_v2
2035-05-01,Hay Point,East Coast India,Coal,Panamax,75000.0,2080.0,652.0,109.0,92.3,45.9296,3.3,3.0,3.0,20.398859636040914,19.45825261105152,SYN0302,synthetic,regression_residual_bootstrap_v2
2035-06-01,Hay Point,East Coast India,Coal,Panamax,75000.0,1880.0,648.0,142.1,100.5,31.1136,2.0,4.0,2.5,19.45825261105152,16.38980284316341,SYN0302,synthetic,regression_residual_bootstrap_v2
2035-07-01,Hay Point,East Coast India,Coal,Panamax,75000.0,1380.0,595.0,118.6,99.6,29.632,1.8,2.0,0.5,16.38980284316341,18.864651605418086,SYN0302,synthetic,regression_residual_bootstrap_v2
2035-08-01,Hay Point,East Coast India,Coal,Panamax,75000.0,1970.0,646.0,112.6,102.5,31.484,2.1,4.0,2.5,18.864651605418086,20.60950643582667,SYN0302,synthetic,regression_residual_bootstrap_v2
2035-09-01,Hay Point,East Coast India,Coal,Panamax,75000.0,2150.0,658.0,104.4,97.0,37.966,2.8,5.0,2.5,20.60950643582667,17.61589539912838,SYN0302,synthetic,regression_residual_bootstrap_v2
2035-10-01,Hay Point,East Coast India,Coal,Panamax,75000.0,1500.0,614.0,106.3,103.3,39.818000000000005,2.8,3.0,2.0,17.61589539912838,15.62634997512197,SYN0302,synthetic,regression_residual_bootstrap_v2
2035-11-01,Hay Point,East Coast India,Coal,Panamax,75000.0,1350.0,605.0,145.8,99.9,46.6704,3.4,2.0,3.0,15.62634997512197,18.231714566120097,SYN0302,synthetic,regression_residual_bootstrap_v2
2035-12-01,Hay Point,East Coast India,Coal,Panamax,75000.0,1910.0,650.0,129.8,102.2,31.484,1.9,2.0,1.0,18.231714566120097,19.52011762518213,SYN0302,synthetic,regression_residual_bootstrap_v2
2036-01-01,Hay Point,East Coast India,Coal,Panamax,75000.0,1980.0,640.0,98.6,97.2,27.78,1.7,2.0,0.5,19.52011762518213,18.38983940437787,SYN0302,synthetic,regression_residual_bootstrap_v2
2036-02-01,Hay Point,East Coast India,Coal,Panamax,75000.0,1740.0,630.0,146.6,101.4,32.410000000000004,2.2,5.0,3.5,18.38983940437787,18.359657611715626,SYN0302,synthetic,regression_residual_bootstrap_v2
2036-03-01,Hay Point,East Coast India,Coal,Panamax,75000.0,1820.0,655.0,135.0,112.8,26.2984,1.6,2.0,0.5,18.359657611715626,20.105086381588297,SYN0302,synthetic,regression_residual_bootstrap_v2
2036-04-01,Hay Point,East Coast India,Coal,Panamax,75000.0,2080.0,652.0,109.0,92.3,45.9296,3.3,3.0,3.0,20.105086381588297,19.40490663569576,SYN0302,synthetic,regression_residual_bootstrap_v2
2036-05-01,Hay Point,East Coast India,Coal,Panamax,75000.0,1850.0,635.0,107.5,103.5,33.7064,2.3,5.0,4.0,19.40490663569576,19.486572030449448,SYN0302,synthetic,regression_residual_bootstrap_v2
2036-06-01,Hay Point,East Coast India,Coal,Panamax,75000.0,1950.0,660.0,142.0,118.9,35.188,2.6,4.0,2.0,19.486572030449448,20.938611188238077,SYN0302,synthetic,regression_residual_bootstrap_v2
2036-07-01,Hay Point,East Coast India,Coal,Panamax,75000.0,2150.0,658.0,104.4,97.0,37.966,2.8,5.0,2.5,20.938611188238077,17.97415625688275,SYN0302,synthetic,regression_residual_bootstrap_v2
2036-08-01,Hay Point,East Coast India,Coal,Panamax,75000.0,1540.0,620.0,112.9,97.3,50.93,3.8,2.0,4.0,17.97415625688275,16.860629924092294,SYN0302,synthetic,regression_residual_bootstrap_v2
2036-09-01,Hay Point,East Coast India,Coal,Panamax,75000.0,1560.0,638.0,124.2,124.4,32.410000000000004,2.0,2.0,0.5,16.860629924092294,19.67304942668016,SYN0302,synthetic,regression_residual_bootstrap_v2
2036-10-01,Hay Point,East Coast India,Coal,Panamax,75000.0,2080.0,652.0,109.0,92.3,45.9296,3.3,3.0,3.0,19.67304942668016,19.297486921286428,SYN0302,synthetic,regression_residual_bootstrap_v2
2036-11-01,Hay Point,East Coast India,Coal,Panamax,75000.0,1890.0,642.0,135.1,107.5,43.522000000000006,3.1,3.0,2.5,19.297486921286428,19.142940836365895,SYN0302,synthetic,regression_residual_bootstrap_v2
2036-12-01,Hay Point,East Coast India,Coal,Panamax,75000.0,1880.0,648.0,142.1,100.5,31.1136,2.0,4.0,2.5,19.142940836365895,19.25179901460354,SYN0302,synthetic,regression_residual_bootstrap_v2
2037-01-01,Hay Point,East Coast India,Coal,Panamax,75000.0,1850.0,635.0,107.5,103.5,33.7064,2.3,5.0,4.0,19.25179901460354,18.97639938845796,SYN0302,synthetic,regression_residual_bootstrap_v2
2037-02-01,Hay Point,East Coast India,Coal,Panamax,75000.0,1880.0,648.0,142.1,100.5,31.1136,2.0,4.0,2.5,18.97639938845796,16.20571810746891,SYN0302,synthetic,regression_residual_bootstrap_v2
2037-03-01,Hay Point,East Coast India,Coal,Panamax,75000.0,1390.0,610.0,139.2,92.8,38.52160000000001,2.7,3.0,2.0,16.20571810746891,15.317051631340542,SYN0302,synthetic,regression_residual_bootstrap_v2
2037-04-01,Hay Point,East Coast India,Coal,Panamax,75000.0,1360.0,592.0,104.0,100.1,26.854000000000003,1.6,1.0,0.0,15.317051631340542,16.62198912007976,SYN0302,synthetic,regression_residual_bootstrap_v2
2037-05-01,Hay Point,East Coast India,Coal,Panamax,75000.0,1680.0,645.0,131.5,109.8,27.78,1.7,1.0,0.0,16.62198912007976,18.374032574755333,SYN0302,synthetic,regression_residual_bootstrap_v2
2037-06-01,Hay Point,East Coast India,Coal,Panamax,75000.0,1850.0,635.0,107.5,103.5,33.7064,2.3,5.0,4.0,18.374032574755333,18.371056960962846,SYN0302,synthetic,regression_residual_bootstrap_v2
2037-07-01,Hay Point,East Coast India,Coal,Panamax,75000.0,1820.0,655.0,135.0,112.8,26.2984,1.6,2.0,0.5,18.371056960962846,18.143182598257464,SYN0302,synthetic,regression_residual_bootstrap_v2
2037-08-01,Hay Point,East Coast India,Coal,Panamax,75000.0,1740.0,630.0,146.6,101.4,32.410000000000004,2.2,5.0,3.5,18.143182598257464,17.34563279141269,SYN0302,synthetic,regression_residual_bootstrap_v2
2037-09-01,Hay Point,East Coast India,Coal,Panamax,75000.0,1540.0,620.0,112.9,97.3,50.93,3.8,2.0,4.0,17.34563279141269,18.86873372225277,SYN0302,synthetic,regression_residual_bootstrap_v2
2037-10-01,Hay Point,East Coast India,Coal,Panamax,75000.0,1950.0,660.0,142.0,118.9,35.188,2.6,4.0,2.0,18.86873372225277,18.65230873790579,SYN0302,synthetic,regression_residual_bootstrap_v2
2037-11-01,Hay Point,East Coast India,Coal,Panamax,75000.0,1820.0,655.0,135.0,112.8,26.2984,1.6,2.0,0.5,18.65230873790579,19.390009573888115,SYN0302,synthetic,regression_residual_bootstrap_v2
2037-12-01,Hay Point,East Coast India,Coal,Panamax,75000.0,1970.0,646.0,112.6,102.5,31.484,2.1,4.0,2.5,19.390009573888115,19.34815568363019,SYN0302,synthetic,regression_residual_bootstrap_v2
2038-01-01,Hay Point,East Coast India,Coal,Panamax,75000.0,1890.0,642.0,135.1,107.5,43.522000000000006,3.1,3.0,2.5,19.34815568363019,20.387580685650526,SYN0302,synthetic,regression_residual_bootstrap_v2
2038-02-01,Hay Point,East Coast India,Coal,Panamax,75000.0,2080.0,652.0,109.0,92.3,45.9296,3.3,3.0,3.0,20.387580685650526,18.703716927586594,SYN0302,synthetic,regression_residual_bootstrap_v2
2038-03-01,Hay Point,East Coast India,Coal,Panamax,75000.0,1740.0,630.0,146.6,101.4,32.410000000000004,2.2,5.0,3.5,18.703716927586594,16.513404325806913,SYN0302,synthetic,regression_residual_bootstrap_v2
2038-04-01,Hay Point,East Coast India,Coal,Panamax,75000.0,1420.0,615.0,137.6,106.9,48.152,3.6,2.0,3.5,16.513404325806913,18.376349946363213,SYN0302,synthetic,regression_residual_bootstrap_v2
2038-06-01,Hay Point,East Coast India,Coal,Panamax,75000.0,1910.0,650.0,129.8,102.2,31.484,1.9,2.0,1.0,16.9,18.010464141508777,SYN0303,synthetic,regression_residual_bootstrap_v2
2038-07-01,Hay Point,East Coast India,Coal,Panamax,75000.0,1820.0,655.0,135.0,112.8,26.2984,1.6,2.0,0.5,18.010464141508777,18.543186284081777,SYN0303,synthetic,regression_residual_bootstrap_v2
2038-08-01,Hay Point,East Coast India,Coal,Panamax,75000.0,1910.0,650.0,129.8,102.2,31.484,1.9,2.0,1.0,18.543186284081777,16.206462610163886,SYN0303,synthetic,regression_residual_bootstrap_v2
2038-09-01,Hay Point,East Coast India,Coal,Panamax,75000.0,1350.0,605.0,145.8,99.9,46.6704,3.4,2.0,3.0,16.206462610163886,15.483419708011532,SYN0303,synthetic,regression_residual_bootstrap_v2
2038-10-01,Hay Point,East Coast India,Coal,Panamax,75000.0,1380.0,595.0,118.6,99.6,29.632,1.8,2.0,0.5,15.483419708011532,15.495025912403458,SYN0303,synthetic,regression_residual_bootstrap_v2
2038-11-01,Hay Point,East Coast India,Coal,Panamax,75000.0,1420.0,615.0,137.6,106.9,48.152,3.6,2.0,3.5,15.495025912403458,15.078507773721036,SYN0303,synthetic,regression_residual_bootstrap_v2
2038-12-01,Hay Point,East Coast India,Coal,Panamax,75000.0,1350.0,605.0,145.8,99.9,46.6704,3.4,2.0,3.0,15.078507773721036,17.165105034293205,SYN0303,synthetic,regression_residual_bootstrap_v2
2039-01-01,Hay Point,East Coast India,Coal,Panamax,75000.0,1740.0,630.0,146.6,101.4,32.410000000000004,2.2,5.0,3.5,17.165105034293205,18.747072460543492,SYN0303,synthetic,regression_residual_bootstrap_v2
2039-02-01,Hay Point,East Coast India,Coal,Panamax,75000.0,1850.0,635.0,107.5,103.5,33.7064,2.3,5.0,4.0,18.747072460543492,19.627768461889534,SYN0303,synthetic,regression_residual_bootstrap_v2
2039-03-01,Hay Point,East Coast India,Coal,Panamax,75000.0,1980.0,640.0,98.6,97.2,27.78,1.7,2.0,0.5,19.627768461889534,19.799751027711974,SYN0303,synthetic,regression_residual_bootstrap_v2
2039-04-01,Hay Point,East Coast India,Coal,Panamax,75000.0,1970.0,646.0,112.6,102.5,31.484,2.1,4.0,2.5,19.799751027711974,19.27852002855284,SYN0303,synthetic,regression_residual_bootstrap_v2
2039-05-01,Hay Point,East Coast India,Coal,Panamax,75000.0,1880.0,648.0,142.1,100.5,31.1136,2.0,4.0,2.5,19.27852002855284,18.28258008584075,SYN0303,synthetic,regression_residual_bootstrap_v2
2039-06-01,Hay Point,East Coast India,Coal,Panamax,75000.0,1740.0,630.0,146.6,101.4,32.410000000000004,2.2,5.0,3.5,18.28258008584075,18.98114679766764,SYN0303,synthetic,regression_residual_bootstrap_v2
2039-07-01,Hay Point,East Coast India,Coal,Panamax,75000.0,1880.0,648.0,142.1,100.5,31.1136,2.0,4.0,2.5,18.98114679766764,16.85079283602487,SYN0303,synthetic,regression_residual_bootstrap_v2
2039-08-01,Hay Point,East Coast India,Coal,Panamax,75000.0,1460.0,608.0,112.2,99.7,48.152,3.5,2.0,3.5,16.85079283602487,18.341505511198754,SYN0303,synthetic,regression_residual_bootstrap_v2
2039-09-01,Hay Point,East Coast India,Coal,Panamax,75000.0,1880.0,648.0,142.1,100.5,31.1136,2.0,4.0,2.5,18.341505511198754,18.541217746307264,SYN0303,synthetic,regression_residual_bootstrap_v2
2039-10-01,Hay Point,East Coast India,Coal,Panamax,75000.0,1890.0,642.0,135.1,107.5,43.522000000000006,3.1,3.0,2.5,18.541217746307264,18.900960044131427,SYN0303,synthetic,regression_residual_bootstrap_v2
2039-11-01,Hay Point,East Coast India,Coal,Panamax,75000.0,1880.0,648.0,142.1,100.5,31.1136,2.0,4.0,2.5,18.900960044131427,16.87385413082309,SYN0303,synthetic,regression_residual_bootstrap_v2
2039-12-01,Hay Point,East Coast India,Coal,Panamax,75000.0,1460.0,608.0,112.2,99.7,48.152,3.5,2.0,3.5,16.87385413082309,15.189022258685455,SYN0303,synthetic,regression_residual_bootstrap_v2
2040-01-01,Hay Point,East Coast India,Coal,Panamax,75000.0,1310.0,588.0,106.9,105.1,31.1136,1.9,2.0,0.5,15.189022258685455,15.161275050053364,SYN0303,synthetic,regression_residual_bootstrap_v2
2040-02-01,Hay Point,East Coast India,Coal,Panamax,75000.0,1390.0,610.0,139.2,92.8,38.52160000000001,2.7,3.0,2.0,15.161275050053364,15.751948632599671,SYN0303,synthetic,regression_residual_bootstrap_v2
2040-03-01,Hay Point,East Coast India,Coal,Panamax,75000.0,1460.0,608.0,112.2,99.7,48.152,3.5,2.0,3.5,15.751948632599671,19.383342940886415,SYN0303,synthetic,regression_residual_bootstrap_v2
2040-04-01,Hay Point,East Coast India,Coal,Panamax,75000.0,2080.0,652.0,109.0,92.3,45.9296,3.3,3.0,3.0,19.383342940886415,18.67385007080217,SYN0303,synthetic,regression_residual_bootstrap_v2
2040-05-01,Hay Point,East Coast India,Coal,Panamax,75000.0,1820.0,655.0,135.0,112.8,26.2984,1.6,2.0,0.5,18.67385007080217,18.999519082757534,SYN0303,synthetic,regression_residual_bootstrap_v2
2040-06-01,Hay Point,East Coast India,Coal,Panamax,75000.0,1850.0,635.0,107.5,103.5,33.7064,2.3,5.0,4.0,18.999519082757534,16.64910150397781,SYN0303,synthetic,regression_residual_bootstrap_v2
2040-07-01,Hay Point,East Coast India,Coal,Panamax,75000.0,1420.0,615.0,137.6,106.9,48.152,3.6,2.0,3.5,16.64910150397781,18.32570637391845,SYN0303,synthetic,regression_residual_bootstrap_v2
2040-08-01,Hay Point,East Coast India,Coal,Panamax,75000.0,1890.0,642.0,135.1,107.5,43.522000000000006,3.1,3.0,2.5,18.32570637391845,19.101746957529393,SYN0303,synthetic,regression_residual_bootstrap_v2
2040-09-01,Hay Point,East Coast India,Coal,Panamax,75000.0,1950.0,660.0,142.0,118.9,35.188,2.6,4.0,2.0,19.101746957529393,19.332449456814718,SYN0303,synthetic,regression_residual_bootstrap_v2
2040-10-01,Hay Point,East Coast India,Coal,Panamax,75000.0,1890.0,642.0,135.1,107.5,43.522000000000006,3.1,3.0,2.5,19.332449456814718,18.693362065128998,SYN0303,synthetic,regression_residual_bootstrap_v2
2040-11-01,Hay Point,East Coast India,Coal,Panamax,75000.0,1820.0,655.0,135.0,112.8,26.2984,1.6,2.0,0.5,18.693362065128998,16.557254398689253,SYN0303,synthetic,regression_residual_bootstrap_v2
2040-12-01,Hay Point,East Coast India,Coal,Panamax,75000.0,1420.0,615.0,137.6,106.9,48.152,3.6,2.0,3.5,16.557254398689253,18.29458612474822,SYN0303,synthetic,regression_residual_bootstrap_v2
2041-01-01,Hay Point,East Coast India,Coal,Panamax,75000.0,1890.0,642.0,135.1,107.5,43.522000000000006,3.1,3.0,2.5,18.29458612474822,16.809705814388487,SYN0303,synthetic,regression_residual_bootstrap_v2
2041-02-01,Hay Point,East Coast India,Coal,Panamax,75000.0,1500.0,614.0,106.3,103.3,39.818000000000005,2.8,3.0,2.0,16.809705814388487,15.206966861828683,SYN0303,synthetic,regression_residual_bootstrap_v2
2041-03-01,Hay Point,East Coast India,Coal,Panamax,75000.0,1310.0,588.0,106.9,105.1,31.1136,1.9,2.0,0.5,15.206966861828683,15.036512846625776,SYN0303,synthetic,regression_residual_bootstrap_v2
2041-04-01,Hay Point,East Coast India,Coal,Panamax,75000.0,1350.0,605.0,145.8,99.9,46.6704,3.4,2.0,3.0,15.036512846625776,14.925909969158774,SYN0303,synthetic,regression_residual_bootstrap_v2
2041-05-01,Hay Point,East Coast India,Coal,Panamax,75000.0,1350.0,605.0,145.8,99.9,46.6704,3.4,2.0,3.0,14.925909969158774,17.582927222487044,SYN0303,synthetic,regression_residual_bootstrap_v2
2041-06-01,Hay Point,East Coast India,Coal,Panamax,75000.0,1850.0,635.0,107.5,103.5,33.7064,2.3,5.0,4.0,17.582927222487044,18.22220015481066,SYN0303,synthetic,regression_residual_bootstrap_v2
2041-07-01,Hay Point,East Coast India,Coal,Panamax,75000.0,1820.0,655.0,135.0,112.8,26.2984,1.6,2.0,0.5,18.22220015481066,16.03403099112011,SYN0303,synthetic,regression_residual_bootstrap_v2
2041-08-01,Hay Point,East Coast India,Coal,Panamax,75000.0,1380.0,595.0,118.6,99.6,29.632,1.8,2.0,0.5,16.03403099112011,18.232537945957173,SYN0303,synthetic,regression_residual_bootstrap_v2
2041-09-01,Hay Point,East Coast India,Coal,Panamax,75000.0,1910.0,650.0,129.8,102.2,31.484,1.9,2.0,1.0,18.232537945957173,15.640178606501099,SYN0303,synthetic,regression_residual_bootstrap_v2
2041-10-01,Hay Point,East Coast India,Coal,Panamax,75000.0,1310.0,588.0,106.9,105.1,31.1136,1.9,2.0,0.5,15.640178606501099,17.422230470688977,SYN0303,synthetic,regression_residual_bootstrap_v2
2041-11-01,Hay Point,East Coast India,Coal,Panamax,75000.0,1740.0,630.0,146.6,101.4,32.410000000000004,2.2,5.0,3.5,17.422230470688977,18.803294381419107,SYN0303,synthetic,regression_residual_bootstrap_v2
2041-12-01,Hay Point,East Coast India,Coal,Panamax,75000.0,1950.0,660.0,142.0,118.9,35.188,2.6,4.0,2.0,18.803294381419107,19.25633260595664,SYN0303,synthetic,regression_residual_bootstrap_v2
2042-01-01,Hay Point,East Coast India,Coal,Panamax,75000.0,1950.0,660.0,142.0,118.9,35.188,2.6,4.0,2.0,19.25633260595664,19.754702448292196,SYN0303,synthetic,regression_residual_bootstrap_v2
2042-02-01,Hay Point,East Coast India,Coal,Panamax,75000.0,1970.0,646.0,112.6,102.5,31.484,2.1,4.0,2.5,19.754702448292196,18.432427394190046,SYN0303,synthetic,regression_residual_bootstrap_v2
2042-03-01,Hay Point,East Coast India,Coal,Panamax,75000.0,1740.0,630.0,146.6,101.4,32.410000000000004,2.2,5.0,3.5,18.432427394190046,15.944684333428054,SYN0303,synthetic,regression_residual_bootstrap_v2
2042-04-01,Hay Point,East Coast India,Coal,Panamax,75000.0,1350.0,605.0,145.8,99.9,46.6704,3.4,2.0,3.0,15.944684333428054,16.20249362809895,SYN0303,synthetic,regression_residual_bootstrap_v2
2042-05-01,Hay Point,East Coast India,Coal,Panamax,75000.0,1500.0,614.0,106.3,103.3,39.818000000000005,2.8,3.0,2.0,16.20249362809895,18.510748088429686,SYN0303,synthetic,regression_residual_bootstrap_v2
2042-06-01,Hay Point,East Coast India,Coal,Panamax,75000.0,1950.0,660.0,142.0,118.9,35.188,2.6,4.0,2.0,18.510748088429686,18.544913047758868,SYN0303,synthetic,regression_residual_bootstrap_v2
2042-08-01,Hay Point,East Coast India,Coal,Panamax,75000.0,1820.0,655.0,135.0,112.8,26.2984,1.6,2.0,0.5,19.1,19.665403829442727,SYN0304,synthetic,regression_residual_bootstrap_v2
2042-09-01,Hay Point,East Coast India,Coal,Panamax,75000.0,1970.0,646.0,112.6,102.5,31.484,2.1,4.0,2.5,19.665403829442727,16.344553935961223,SYN0304,synthetic,regression_residual_bootstrap_v2
2042-10-01,Hay Point,East Coast India,Coal,Panamax,75000.0,1310.0,588.0,106.9,105.1,31.1136,1.9,2.0,0.5,16.344553935961223,16.171528468929303,SYN0304,synthetic,regression_residual_bootstrap_v2
2042-11-01,Hay Point,East Coast India,Coal,Panamax,75000.0,1460.0,608.0,112.2,99.7,48.152,3.5,2.0,3.5,16.171528468929303,16.112523535065648,SYN0304,synthetic,regression_residual_bootstrap_v2
2042-12-01,Hay Point,East Coast India,Coal,Panamax,75000.0,1460.0,608.0,112.2,99.7,48.152,3.5,2.0,3.5,16.112523535065648,18.13769607228985,SYN0304,synthetic,regression_residual_bootstrap_v2
2043-01-01,Hay Point,East Coast India,Coal,Panamax,75000.0,1880.0,648.0,142.1,100.5,31.1136,2.0,4.0,2.5,18.13769607228985,16.27543578107695,SYN0304,synthetic,regression_residual_bootstrap_v2
2043-02-01,Hay Point,East Coast India,Coal,Panamax,75000.0,1420.0,615.0,137.6,106.9,48.152,3.6,2.0,3.5,16.27543578107695,19.965583121218046,SYN0304,synthetic,regression_residual_bootstrap_v2
2043-03-01,Hay Point,East Coast India,Coal,Panamax,75000.0,2150.0,658.0,104.4,97.0,37.966,2.8,5.0,2.5,19.965583121218046,18.852133986109884,SYN0304,synthetic,regression_residual_bootstrap_v2
2043-04-01,Hay Point,East Coast India,Coal,Panamax,75000.0,1820.0,655.0,135.0,112.8,26.2984,1.6,2.0,0.5,18.852133986109884,18.602962183897514,SYN0304,synthetic,regression_residual_bootstrap_v2
2043-05-01,Hay Point,East Coast India,Coal,Panamax,75000.0,1820.0,655.0,135.0,112.8,26.2984,1.6,2.0,0.5,18.602962183897514,19.227729378560994,SYN0304,synthetic,regression_residual_bootstrap_v2
2043-06-01,Hay Point,East Coast India,Coal,Panamax,75000.0,1980.0,640.0,98.6,97.2,27.78,1.7,2.0,0.5,19.227729378560994,19.764868243540707,SYN0304,synthetic,regression_residual_bootstrap_v2
2043-07-01,Hay Point,East Coast India,Coal,Panamax,75000.0,1980.0,640.0,98.6,97.2,27.78,1.7,2.0,0.5,19.764868243540707,16.271041828445668,SYN0304,synthetic,regression_residual_bootstrap_v2
2043-08-01,Hay Point,East Coast India,Coal,Panamax,75000.0,1350.0,605.0,145.8,99.9,46.6704,3.4,2.0,3.0,16.271041828445668,15.059100005654544,SYN0304,synthetic,regression_residual_bootstrap_v2
2043-09-01,Hay Point,East Coast India,Coal,Panamax,75000.0,1310.0,588.0,106.9,105.1,31.1136,1.9,2.0,0.5,15.059100005654544,18.40966323400649,SYN0304,synthetic,regression_residual_bootstrap_v2
2043-10-01,Hay Point,East Coast India,Coal,Panamax,75000.0,1980.0,640.0,98.6,97.2,27.78,1.7,2.0,0.5,18.40966323400649,15.761478481056834,SYN0304,synthetic,regression_residual_bootstrap_v2
2043-11-01,Hay Point,East Coast India,Coal,Panamax,75000.0,1310.0,588.0,106.9,105.1,31.1136,1.9,2.0,0.5,15.761478481056834,15.212553524602503,SYN0304,synthetic,regression_residual_bootstrap_v2
2043-12-01,Hay Point,East Coast India,Coal,Panamax,75000.0,1350.0,605.0,145.8,99.9,46.6704,3.4,2.0,3.0,15.212553524602503,17.101509185974137,SYN0304,synthetic,regression_residual_bootstrap_v2
2044-01-01,Hay Point,East Coast India,Coal,Panamax,75000.0,1740.0,630.0,146.6,101.4,32.410000000000004,2.2,5.0,3.5,17.101509185974137,18.46523279534058,SYN0304,synthetic,regression_residual_bootstrap_v2
2044-02-01,Hay Point,East Coast India,Coal,Panamax,75000.0,1890.0,642.0,135.1,107.5,43.522000000000006,3.1,3.0,2.5,18.46523279534058,17.146734762699104,SYN0304,synthetic,regression_residual_bootstrap_v2
2044-03-01,Hay Point,East Coast India,Coal,Panamax,75000.0,1540.0,620.0,112.9,97.3,50.93,3.8,2.0,4.0,17.146734762699104,18.48261514904898,SYN0304,synthetic,regression_residual_bootstrap_v2
2044-04-01,Hay Point,East Coast India,Coal,Panamax,75000.0,1880.0,648.0,142.1,100.5,31.1136,2.0,4.0,2.5,18.48261514904898,19.585700607852516,SYN0304,synthetic,regression_residual_bootstrap_v2
2044-05-01,Hay Point,East Coast India,Coal,Panamax,75000.0,1980.0,640.0,98.6,97.2,27.78,1.7,2.0,0.5,19.585700607852516,20.34174062628849,SYN0304,synthetic,regression_residual_bootstrap_v2
2044-06-01,Hay Point,East Coast India,Coal,Panamax,75000.0,2080.0,652.0,109.0,92.3,45.9296,3.3,3.0,3.0,20.34174062628849,16.98160612474873,SYN0304,synthetic,regression_residual_bootstrap_v2
2044-07-01,Hay Point,East Coast India,Coal,Panamax,75000.0,1390.0,610.0,139.2,92.8,38.52160000000001,2.7,3.0,2.0,16.98160612474873,15.257608206747019,SYN0304,synthetic,regression_residual_bootstrap_v2
2044-08-01,Hay Point,East Coast India,Coal,Panamax,75000.0,1360.0,592.0,104.0,100.1,26.854000000000003,1.6,1.0,0.0,15.257608206747019,15.005254599607094,SYN0304,synthetic,regression_residual_bootstrap_v2
2044-09-01,Hay Point,East Coast India,Coal,Panamax,75000.0,1360.0,592.0,104.0,100.1,26.854000000000003,1.6,1.0,0.0,15.005254599607094,17.007593039584513,SYN0304,synthetic,regression_residual_bootstrap_v2
2044-10-01,Hay Point,East Coast India,Coal,Panamax,75000.0,1740.0,630.0,146.6,101.4,32.410000000000004,2.2,5.0,3.5,17.007593039584513,17.495437188483614,SYN0304,synthetic,regression_residual_bootstrap_v2
2044-11-01,Hay Point,East Coast India,Coal,Panamax,75000.0,1680.0,645.0,131.5,109.8,27.78,1.7,1.0,0.0,17.495437188483614,16.428213933831135,SYN0304,synthetic,regression_residual_bootstrap_v2
2044-12-01,Hay Point,East Coast India,Coal,Panamax,75000.0,1460.0,608.0,112.2,99.7,48.152,3.5,2.0,3.5,16.428213933831135,18.8676721264153,SYN0304,synthetic,regression_residual_bootstrap_v2
2045-01-01,Hay Point,East Coast India,Coal,Panamax,75000.0,1970.0,646.0,112.6,102.5,31.484,2.1,4.0,2.5,18.8676721264153,16.981631614888613,SYN0304,synthetic,regression_residual_bootstrap_v2
2045-02-01,Hay Point,East Coast India,Coal,Panamax,75000.0,1500.0,614.0,106.3,103.3,39.818000000000005,2.8,3.0,2.0,16.981631614888613,15.767220145055248,SYN0304,synthetic,regression_residual_bootstrap_v2
2045-03-01,Hay Point,East Coast India,Coal,Panamax,75000.0,1390.0,610.0,139.2,92.8,38.52160000000001,2.7,3.0,2.0,15.767220145055248,14.857032062955103,SYN0304,synthetic,regression_residual_bootstrap_v2
2045-04-01,Hay Point,East Coast India,Coal,Panamax,75000.0,1310.0,588.0,106.9,105.1,31.1136,1.9,2.0,0.5,14.857032062955103,17.845528263503073,SYN0304,synthetic,regression_residual_bootstrap_v2
2045-05-01,Hay Point,East Coast India,Coal,Panamax,75000.0,1890.0,642.0,135.1,107.5,43.522000000000006,3.1,3.0,2.5,17.845528263503073,18.60993566364146,SYN0304,synthetic,regression_residual_bootstrap_v2
2045-06-01,Hay Point,East Coast India,Coal,Panamax,75000.0,1850.0,635.0,107.5,103.5,33.7064,2.3,5.0,4.0,18.60993566364146,20.142980699092437,SYN0304,synthetic,regression_residual_bootstrap_v2
2045-07-01,Hay Point,East Coast India,Coal,Panamax,75000.0,2080.0,652.0,109.0,92.3,45.9296,3.3,3.0,3.0,20.142980699092437,19.450642795081393,SYN0304,synthetic,regression_residual_bootstrap_v2
2045-08-01,Hay Point,East Coast India,Coal,Panamax,75000.0,1880.0,648.0,142.1,100.5,31.1136,2.0,4.0,2.5,19.450642795081393,19.02508188432318,SYN0304,synthetic,regression_residual_bootstrap_v2
2045-09-01,Hay Point,East Coast India,Coal,Panamax,75000.0,1890.0,642.0,135.1,107.5,43.522000000000006,3.1,3.0,2.5,19.02508188432318,16.07636591115608,SYN0304,synthetic,regression_residual_bootstrap_v2
2045-10-01,Hay Point,East Coast India,Coal,Panamax,75000.0,1380.0,595.0,118.6,99.6,29.632,1.8,2.0,0.5,16.07636591115608,17.356713890170056,SYN0304,synthetic,regression_residual_bootstrap_v2
2045-11-01,Hay Point,East Coast India,Coal,Panamax,75000.0,1740.0,630.0,146.6,101.4,32.410000000000004,2.2,5.0,3.5,17.356713890170056,19.146064720220227,SYN0304,synthetic,regression_residual_bootstrap_v2
2045-12-01,Hay Point,East Coast India,Coal,Panamax,75000.0,1980.0,640.0,98.6,97.2,27.78,1.7,2.0,0.5,19.146064720220227,20.724906292992415,SYN0304,synthetic,regression_residual_bootstrap_v2
2046-01-01,Hay Point,East Coast India,Coal,Panamax,75000.0,2150.0,658.0,104.4,97.0,37.966,2.8,5.0,2.5,20.724906292992415,19.66203568233068,SYN0304,synthetic,regression_residual_bootstrap_v2
2046-02-01,Hay Point,East Coast India,Coal,Panamax,75000.0,1910.0,650.0,129.8,102.2,31.484,1.9,2.0,1.0,19.66203568233068,17.302353711021514,SYN0304,synthetic,regression_residual_bootstrap_v2
2046-03-01,Hay Point,East Coast India,Coal,Panamax,75000.0,1460.0,608.0,112.2,99.7,48.152,3.5,2.0,3.5,17.302353711021514,19.329933555214314,SYN0304,synthetic,regression_residual_bootstrap_v2
2046-04-01,Hay Point,East Coast India,Coal,Panamax,75000.0,1980.0,640.0,98.6,97.2,27.78,1.7,2.0,0.5,19.329933555214314,20.67704683425417,SYN0304,synthetic,regression_residual_bootstrap_v2
2046-05-01,Hay Point,East Coast India,Coal,Panamax,75000.0,2080.0,652.0,109.0,92.3,45.9296,3.3,3.0,3.0,20.67704683425417,17.814025722205713,SYN0304,synthetic,regression_residual_bootstrap_v2
2046-06-01,Hay Point,East Coast India,Coal,Panamax,75000.0,1560.0,638.0,124.2,124.4,32.410000000000004,2.0,2.0,0.5,17.814025722205713,17.015732917133413,SYN0304,synthetic,regression_residual_bootstrap_v2
2046-07-01,Hay Point,East Coast India,Coal,Panamax,75000.0,1540.0,620.0,112.9,97.3,50.93,3.8,2.0,4.0,17.015732917133413,16.779856936819947,SYN0304,synthetic,regression_residual_bootstrap_v2
2046-08-01,Hay Point,East Coast India,Coal,Panamax,75000.0,1540.0,620.0,112.9,97.3,50.93,3.8,2.0,4.0,16.779856936819947,16.748765127269124,SYN0304,synthetic,regression_residual_bootstrap_v2
2046-10-01,Hay Point,East Coast India,Coal,Panamax,75000.0,1420.0,615.0,137.6,106.9,48.152,3.6,2.0,3.5,19.1,17.155890019714548,SYN0305,synthetic,regression_residual_bootstrap_v2
2046-11-01,Hay Point,East Coast India,Coal,Panamax,75000.0,1500.0,614.0,106.3,103.3,39.818000000000005,2.8,3.0,2.0,17.155890019714548,18.535185650530906,SYN0305,synthetic,regression_residual_bootstrap_v2
2046-12-01,Hay Point,East Coast India,Coal,Panamax,75000.0,1890.0,642.0,135.1,107.5,43.522000000000006,3.1,3.0,2.5,18.535185650530906,16.204062420098623,SYN0305,synthetic,regression_residual_bootstrap_v2
2047-01-01,Hay Point,East Coast India,Coal,Panamax,75000.0,1350.0,605.0,145.8,99.9,46.6704,3.4,2.0,3.0,16.204062420098623,18.211465466687386,SYN0305,synthetic,regression_residual_bootstrap_v2
2047-02-01,Hay Point,East Coast India,Coal,Panamax,75000.0,1850.0,635.0,107.5,103.5,33.7064,2.3,5.0,4.0,18.211465466687386,19.388915246663466,SYN0305,synthetic,regression_residual_bootstrap_v2
2047-03-01,Hay Point,East Coast India,Coal,Panamax,75000.0,1970.0,646.0,112.6,102.5,31.484,2.1,4.0,2.5,19.388915246663466,20.750644130066306,SYN0305,synthetic,regression_residual_bootstrap_v2
2047-04-01,Hay Point,East Coast India,Coal,Panamax,75000.0,2150.0,658.0,104.4,97.0,37.966,2.8,5.0,2.5,20.750644130066306,16.585193239019894,SYN0305,synthetic,regression_residual_bootstrap_v2
2047-05-01,Hay Point,East Coast India,Coal,Panamax,75000.0,1360.0,592.0,104.0,100.1,26.854000000000003,1.6,1.0,0.0,16.585193239019894,15.641135183628798,SYN0305,synthetic,regression_residual_bootstrap_v2
2047-06-01,Hay Point,East Coast India,Coal,Panamax,75000.0,1390.0,610.0,139.2,92.8,38.52160000000001,2.7,3.0,2.0,15.641135183628798,17.6840291763186,SYN0305,synthetic,regression_residual_bootstrap_v2
2047-07-01,Hay Point,East Coast India,Coal,Panamax,75000.0,1820.0,655.0,135.0,112.8,26.2984,1.6,2.0,0.5,17.6840291763186,19.230684359552832,SYN0305,synthetic,regression_residual_bootstrap_v2
2047-08-01,Hay Point,East Coast India,Coal,Panamax,75000.0,1970.0,646.0,112.6,102.5,31.484,2.1,4.0,2.5,19.230684359552832,19.060375302346117,SYN0305,synthetic,regression_residual_bootstrap_v2
2047-09-01,Hay Point,East Coast India,Coal,Panamax,75000.0,1910.0,650.0,129.8,102.2,31.484,1.9,2.0,1.0,19.060375302346117,17.830394197695828,SYN0305,synthetic,regression_residual_bootstrap_v2
2047-10-01,Hay Point,East Coast India,Coal,Panamax,75000.0,1680.0,645.0,131.5,109.8,27.78,1.7,1.0,0.0,17.830394197695828,20.441757838411988,SYN0305,synthetic,regression_residual_bootstrap_v2
2047-11-01,Hay Point,East Coast India,Coal,Panamax,75000.0,2150.0,658.0,104.4,97.0,37.966,2.8,5.0,2.5,20.441757838411988,20.173443414661417,SYN0305,synthetic,regression_residual_bootstrap_v2
2047-12-01,Hay Point,East Coast India,Coal,Panamax,75000.0,1980.0,640.0,98.6,97.2,27.78,1.7,2.0,0.5,20.173443414661417,19.35564488560665,SYN0305,synthetic,regression_residual_bootstrap_v2
2048-01-01,Hay Point,East Coast India,Coal,Panamax,75000.0,1890.0,642.0,135.1,107.5,43.522000000000006,3.1,3.0,2.5,19.35564488560665,17.277006273473713,SYN0305,synthetic,regression_residual_bootstrap_v2
2048-02-01,Hay Point,East Coast India,Coal,Panamax,75000.0,1500.0,614.0,106.3,103.3,39.818000000000005,2.8,3.0,2.0,17.277006273473713,16.376739776840303,SYN0305,synthetic,regression_residual_bootstrap_v2
2048-03-01,Hay Point,East Coast India,Coal,Panamax,75000.0,1460.0,608.0,112.2,99.7,48.152,3.5,2.0,3.5,16.376739776840303,15.426754272660796,SYN0305,synthetic,regression_residual_bootstrap_v2
2048-04-01,Hay Point,East Coast India,Coal,Panamax,75000.0,1380.0,595.0,118.6,99.6,29.632,1.8,2.0,0.5,15.426754272660796,15.933457909350508,SYN0305,synthetic,regression_residual_bootstrap_v2
2048-05-01,Hay Point,East Coast India,Coal,Panamax,75000.0,1460.0,608.0,112.2,99.7,48.152,3.5,2.0,3.5,15.933457909350508,15.152594650913713,SYN0305,synthetic,regression_residual_bootstrap_v2
2048-06-01,Hay Point,East Coast India,Coal,Panamax,75000.0,1350.0,605.0,145.8,99.9,46.6704,3.4,2.0,3.0,15.152594650913713,18.45381816319996,SYN0305,synthetic,regression_residual_bootstrap_v2
2048-07-01,Hay Point,East Coast India,Coal,Panamax,75000.0,1970.0,646.0,112.6,102.5,31.484,2.1,4.0,2.5,18.45381816319996,16.71234750502677,SYN0305,synthetic,regression_residual_bootstrap_v2
2048-08-01,Hay Point,East Coast India,Coal,Panamax,75000.0,1460.0,608.0,112.2,99.7,48.152,3.5,2.0,3.5,16.71234750502677,17.856410041910298,SYN0305,synthetic,regression_residual_bootstrap_v2
2048-09-01,Hay Point,East Coast India,Coal,Panamax,75000.0,1820.0,655.0,135.0,112.8,26.2984,1.6,2.0,0.5,17.856410041910298,17.071731058796228,SYN0305,synthetic,regression_residual_bootstrap_v2
2048-10-01,Hay Point,East Coast India,Coal,Panamax,75000.0,1540.0,620.0,112.9,97.3,50.93,3.8,2.0,4.0,17.071731058796228,18.460238368957363,SYN0305,synthetic,regression_residual_bootstrap_v2
2048-11-01,Hay Point,East Coast India,Coal,Panamax,75000.0,1890.0,642.0,135.1,107.5,43.522000000000006,3.1,3.0,2.5,18.460238368957363,18.829241505167477,SYN0305,synthetic,regression_residual_bootstrap_v2
2048-12-01,Hay Point,East Coast India,Coal,Panamax,75000.0,1910.0,650.0,129.8,102.2,31.484,1.9,2.0,1.0,18.829241505167477,16.375058097480906,SYN0305,synthetic,regression_residual_bootstrap_v2
2049-01-01,Hay Point,East Coast India,Coal,Panamax,75000.0,1360.0,592.0,104.0,100.1,26.854000000000003,1.6,1.0,0.0,16.375058097480906,15.578094641167102,SYN0305,synthetic,regression_residual_bootstrap_v2
2049-02-01,Hay Point,East Coast India,Coal,Panamax,75000.0,1390.0,610.0,139.2,92.8,38.52160000000001,2.7,3.0,2.0,15.578094641167102,18.081701923459136,SYN0305,synthetic,regression_residual_bootstrap_v2
2049-03-01,Hay Point,East Coast India,Coal,Panamax,75000.0,1910.0,650.0,129.8,102.2,31.484,1.9,2.0,1.0,18.081701923459136,18.77814918210595,SYN0305,synthetic,regression_residual_bootstrap_v2
2049-04-01,Hay Point,East Coast India,Coal,Panamax,75000.0,1880.0,648.0,142.1,100.5,31.1136,2.0,4.0,2.5,18.77814918210595,19.629994184604193,SYN0305,synthetic,regression_residual_bootstrap_v2
2049-05-01,Hay Point,East Coast India,Coal,Panamax,75000.0,1980.0,640.0,98.6,97.2,27.78,1.7,2.0,0.5,19.629994184604193,17.068581032667307,SYN0305,synthetic,regression_residual_bootstrap_v2
2049-06-01,Hay Point,East Coast India,Coal,Panamax,75000.0,1460.0,608.0,112.2,99.7,48.152,3.5,2.0,3.5,17.068581032667307,17.70121534004762,SYN0305,synthetic,regression_residual_bootstrap_v2
2049-07-01,Hay Point,East Coast India,Coal,Panamax,75000.0,1740.0,630.0,146.6,101.4,32.410000000000004,2.2,5.0,3.5,17.70121534004762,15.92230320886891,SYN0305,synthetic,regression_residual_bootstrap_v2
2049-08-01,Hay Point,East Coast India,Coal,Panamax,75000.0,1390.0,610.0,139.2,92.8,38.52160000000001,2.7,3.0,2.0,15.92230320886891,18.104100767802116,SYN0305,synthetic,regression_residual_bootstrap_v2
2049-09-01,Hay Point,East Coast India,Coal,Panamax,75000.0,1890.0,642.0,135.1,107.5,43.522000000000006,3.1,3.0,2.5,18.104100767802116,18.897744516351807,SYN0305,synthetic,regression_residual_bootstrap_v2
2049-10-01,Hay Point,East Coast India,Coal,Panamax,75000.0,1950.0,660.0,142.0,118.9,35.188,2.6,4.0,2.0,18.897744516351807,19.808550796813403,SYN0305,synthetic,regression_residual_bootstrap_v2
2049-11-01,Hay Point,East Coast India,Coal,Panamax,75000.0,1980.0,640.0,98.6,97.2,27.78,1.7,2.0,0.5,19.808550796813403,18.476369355867252,SYN0305,synthetic,regression_residual_bootstrap_v2
2049-12-01,Hay Point,East Coast India,Coal,Panamax,75000.0,1740.0,630.0,146.6,101.4,32.410000000000004,2.2,5.0,3.5,18.476369355867252,16.120069374066464,SYN0305,synthetic,regression_residual_bootstrap_v2
2050-01-01,Hay Point,East Coast India,Coal,Panamax,75000.0,1390.0,610.0,139.2,92.8,38.52160000000001,2.7,3.0,2.0,16.120069374066464,15.72435491944103,SYN0305,synthetic,regression_residual_bootstrap_v2
2050-02-01,Hay Point,East Coast India,Coal,Panamax,75000.0,1420.0,615.0,137.6,106.9,48.152,3.6,2.0,3.5,15.72435491944103,17.918166159909205,SYN0305,synthetic,regression_residual_bootstrap_v2
2050-03-01,Hay Point,East Coast India,Coal,Panamax,75000.0,1880.0,648.0,142.1,100.5,31.1136,2.0,4.0,2.5,17.918166159909205,18.830256631381083,SYN0305,synthetic,regression_residual_bootstrap_v2
2050-04-01,Hay Point,East Coast India,Coal,Panamax,75000.0,1850.0,635.0,107.5,103.5,33.7064,2.3,5.0,4.0,18.830256631381083,19.295917712806066,SYN0305,synthetic,regression_residual_bootstrap_v2
2050-05-01,Hay Point,East Coast India,Coal,Panamax,75000.0,1980.0,640.0,98.6,97.2,27.78,1.7,2.0,0.5,19.295917712806066,19.095767896269315,SYN0305,synthetic,regression_residual_bootstrap_v2
2050-06-01,Hay Point,East Coast India,Coal,Panamax,75000.0,1890.0,642.0,135.1,107.5,43.522000000000006,3.1,3.0,2.5,19.095767896269315,16.113594570015692,SYN0305,synthetic,regression_residual_bootstrap_v2
2050-07-01,Hay Point,East Coast India,Coal,Panamax,75000.0,1350.0,605.0,145.8,99.9,46.6704,3.4,2.0,3.0,16.113594570015692,16.17154974610271,SYN0305,synthetic,regression_residual_bootstrap_v2
2050-08-01,Hay Point,East Coast India,Coal,Panamax,75000.0,1500.0,614.0,106.3,103.3,39.818000000000005,2.8,3.0,2.0,16.17154974610271,18.483898683976076,SYN0305,synthetic,regression_residual_bootstrap_v2
2050-09-01,Hay Point,East Coast India,Coal,Panamax,75000.0,1910.0,650.0,129.8,102.2,31.484,1.9,2.0,1.0,18.483898683976076,16.724752382478872,SYN0305,synthetic,regression_residual_bootstrap_v2
2050-10-01,Hay Point,East Coast India,Coal,Panamax,75000.0,1460.0,608.0,112.2,99.7,48.152,3.5,2.0,3.5,16.724752382478872,18.628830994504415,SYN0305,synthetic,regression_residual_bootstrap_v2
2030-02-01,Taboneo,East Coast India,Thermal Coal,Panamax,75000.0,1350.0,605.0,145.8,99.9,50.004000000000005,3.7,2.0,3.0,9.0,8.87778491328661,SYN0401,synthetic,regression_residual_bootstrap_v2
2030-03-01,Taboneo,East Coast India,Thermal Coal,Panamax,75000.0,1390.0,610.0,139.2,92.8,39.818000000000005,2.8,3.0,2.0,8.87778491328661,11.493124220801533,SYN0401,synthetic,regression_residual_bootstrap_v2
2030-04-01,Taboneo,East Coast India,Thermal Coal,Panamax,75000.0,2150.0,658.0,104.4,97.0,36.6696,2.6,5.0,2.5,11.493124220801533,11.301225698973205,SYN0401,synthetic,regression_residual_bootstrap_v2
2030-05-01,Taboneo,East Coast India,Thermal Coal,Panamax,75000.0,1820.0,655.0,135.0,112.8,22.224,1.4,2.0,0.5,11.301225698973205,9.535567058876127,SYN0401,synthetic,regression_residual_bootstrap_v2
2030-06-01,Taboneo,East Coast India,Thermal Coal,Panamax,75000.0,1380.0,595.0,118.6,99.6,22.224,1.3,2.0,0.5,9.535567058876127,11.565039480153176,SYN0401,synthetic,regression_residual_bootstrap_v2
2030-07-01,Taboneo,East Coast India,Thermal Coal,Panamax,75000.0,2150.0,658.0,104.4,97.0,36.6696,2.6,5.0,2.5,11.565039480153176,11.688353794069187,SYN0401,synthetic,regression_residual_bootstrap_v2
2030-08-01,Taboneo,East Coast India,Thermal Coal,Panamax,75000.0,1970.0,646.0,112.6,102.5,28.706000000000003,1.9,4.0,2.5,11.688353794069187,9.71297606937856,SYN0401,synthetic,regression_residual_bootstrap_v2
2030-09-01,Taboneo,East Coast India,Thermal Coal,Panamax,75000.0,1350.0,605.0,145.8,99.9,50.004000000000005,3.7,2.0,3.0,9.71297606937856,10.821109462022337,SYN0401,synthetic,regression_residual_bootstrap_v2
2030-10-01,Taboneo,East Coast India,Thermal Coal,Panamax,75000.0,1880.0,648.0,142.1,100.5,27.78,1.9,4.0,2.5,10.821109462022337,10.547617067686495,SYN0401,synthetic,regression_residual_bootstrap_v2
2030-11-01,Taboneo,East Coast India,Thermal Coal,Panamax,75000.0,1740.0,630.0,146.6,101.4,30.0024,2.1,5.0,3.5,10.547617067686495,10.99537303454549,SYN0401,synthetic,regression_residual_bootstrap_v2
2030-12-01,Taboneo,East Coast India,Thermal Coal,Panamax,75000.0,1880.0,648.0,142.1,100.5,27.78,1.9,4.0,2.5,10.99537303454549,12.103114470664384,SYN0401,synthetic,regression_residual_bootstrap_v2
2031-01-01,Taboneo,East Coast India,Thermal Coal,Panamax,75000.0,2150.0,658.0,104.4,97.0,36.6696,2.6,5.0,2.5,12.103114470664384,10.287590184122594,SYN0401,synthetic,regression_residual_bootstrap_v2
2031-02-01,Taboneo,East Coast India,Thermal Coal,Panamax,75000.0,1460.0,608.0,112.2,99.7,52.2264,3.8,2.0,3.5,10.287590184122594,10.91736496947632,SYN0401,synthetic,regression_residual_bootstrap_v2
2031-03-01,Taboneo,East Coast India,Thermal Coal,Panamax,75000.0,1880.0,648.0,142.1,100.5,27.78,1.9,4.0,2.5,10.91736496947632,11.86084012835256,SYN0401,synthetic,regression_residual_bootstrap_v2
2031-04-01,Taboneo,East Coast India,Thermal Coal,Panamax,75000.0,2080.0,652.0,109.0,92.3,46.6704,3.4,3.0,3.0,11.86084012835256,10.1078634592358,SYN0401,synthetic,regression_residual_bootstrap_v2
2031-05-01,Taboneo,East Coast India,Thermal Coal,Panamax,75000.0,1420.0,615.0,137.6,106.9,52.782,3.9,2.0,3.5,10.1078634592358,9.751961450346073,SYN0401,synthetic,regression_residual_bootstrap_v2
2031-06-01,Taboneo,East Coast India,Thermal Coal,Panamax,75000.0,1500.0,614.0,106.3,103.3,40.744,2.9,3.0,2.0,9.751961450346073,8.973842477354445,SYN0401,synthetic,regression_residual_bootstrap_v2
2031-07-01,Taboneo,East Coast India,Thermal Coal,Panamax,75000.0,1310.0,588.0,106.9,105.1,20.7424,1.1,2.0,0.5,8.973842477354445,10.826548571580654,SYN0401,synthetic,regression_residual_bootstrap_v2
2031-08-01,Taboneo,East Coast India,Thermal Coal,Panamax,75000.0,1950.0,660.0,142.0,118.9,34.262,2.4,4.0,2.0,10.826548571580654,9.489194859403165,SYN0401,synthetic,regression_residual_bootstrap_v2
2031-09-01,Taboneo,East Coast India,Thermal Coal,Panamax,75000.0,1350.0,605.0,145.8,99.9,50.004000000000005,3.7,2.0,3.0,9.489194859403165,10.35371974300695,SYN0401,synthetic,regression_residual_bootstrap_v2
2031-10-01,Taboneo,East Coast India,Thermal Coal,Panamax,75000.0,1680.0,645.0,131.5,109.8,19.446,1.1,1.0,0.0,10.35371974300695,11.037560856035016,SYN0401,synthetic,regression_residual_bootstrap_v2
2031-11-01,Taboneo,East Coast India,Thermal Coal,Panamax,75000.0,1890.0,642.0,135.1,107.5,44.448,3.2,3.0,2.5,11.037560856035016,11.14464364463739,SYN0401,synthetic,regression_residual_bootstrap_v2
2031-12-01,Taboneo,East Coast India,Thermal Coal,Panamax,75000.0,1880.0,648.0,142.1,100.5,27.78,1.9,4.0,2.5,11.14464364463739,11.505362581867697,SYN0401,synthetic,regression_residual_bootstrap_v2
2032-01-01,Taboneo,East Coast India,Thermal Coal,Panamax,75000.0,1950.0,660.0,142.0,118.9,34.262,2.4,4.0,2.0,11.505362581867697,11.645253161097418,SYN0401,synthetic,regression_residual_bootstrap_v2
2032-02-01,Taboneo,East Coast India,Thermal Coal,Panamax,75000.0,1980.0,640.0,98.6,97.2,24.4464,1.5,2.0,0.5,11.645253161097418,10.741954459794862,SYN0401,synthetic,regression_residual_bootstrap_v2
2032-03-01,Taboneo,East Coast India,Thermal Coal,Panamax,75000.0,1740.0,630.0,146.6,101.4,30.0024,2.1,5.0,3.5,10.741954459794862,11.312691149186634,SYN0401,synthetic,regression_residual_bootstrap_v2
2032-04-01,Taboneo,East Coast India,Thermal Coal,Panamax,75000.0,1950.0,660.0,142.0,118.9,34.262,2.4,4.0,2.0,11.312691149186634,9.626094818343333,SYN0401,synthetic,regression_residual_bootstrap_v2
2032-05-01,Taboneo,East Coast India,Thermal Coal,Panamax,75000.0,1390.0,610.0,139.2,92.8,39.818000000000005,2.8,3.0,2.0,9.626094818343333,8.97529632105899,SYN0401,synthetic,regression_residual_bootstrap_v2
2032-06-01,Taboneo,East Coast India,Thermal Coal,Panamax,75000.0,1310.0,588.0,106.9,105.1,20.7424,1.1,2.0,0.5,8.97529632105899,10.462588896317698,SYN0401,synthetic,regression_residual_bootstrap_v2
2032-07-01,Taboneo,East Coast India,Thermal Coal,Panamax,75000.0,1820.0,655.0,135.0,112.8,22.224,1.4,2.0,0.5,10.462588896317698,10.910306618867551,SYN0401,synthetic,regression_residual_bootstrap_v2
2032-08-01,Taboneo,East Coast India,Thermal Coal,Panamax,75000.0,1880.0,648.0,142.1,100.5,27.78,1.9,4.0,2.5,10.910306618867551,9.457476507427208,SYN0401,synthetic,regression_residual_bootstrap_v2
2032-09-01,Taboneo,East Coast India,Thermal Coal,Panamax,75000.0,1360.0,592.0,104.0,100.1,20.001600000000003,1.1,1.0,0.0,9.457476507427208,11.551217403420443,SYN0401,synthetic,regression_residual_bootstrap_v2
2032-10-01,Taboneo,East Coast India,Thermal Coal,Panamax,75000.0,2080.0,652.0,109.0,92.3,46.6704,3.4,3.0,3.0,11.551217403420443,9.37707746107038,SYN0401,synthetic,regression_residual_bootstrap_v2
2032-11-01,Taboneo,East Coast India,Thermal Coal,Panamax,75000.0,1310.0,588.0,106.9,105.1,20.7424,1.1,2.0,0.5,9.37707746107038,8.961892950392144,SYN0401,synthetic,regression_residual_bootstrap_v2
2032-12-01,Taboneo,East Coast India,Thermal Coal,Panamax,75000.0,1380.0,595.0,118.6,99.6,22.224,1.3,2.0,0.5,8.961892950392144,10.595784526326412,SYN0401,synthetic,regression_residual_bootstrap_v2
2033-01-01,Taboneo,East Coast India,Thermal Coal,Panamax,75000.0,1880.0,648.0,142.1,100.5,27.78,1.9,4.0,2.5,10.595784526326412,9.688946756579103,SYN0401,synthetic,regression_residual_bootstrap_v2
2033-02-01,Taboneo,East Coast India,Thermal Coal,Panamax,75000.0,1420.0,615.0,137.6,106.9,52.782,3.9,2.0,3.5,9.688946756579103,11.083395594240987,SYN0401,synthetic,regression_residual_bootstrap_v2
2033-03-01,Taboneo,East Coast India,Thermal Coal,Panamax,75000.0,1970.0,646.0,112.6,102.5,28.706000000000003,1.9,4.0,2.5,11.083395594240987,11.459414506646617,SYN0401,synthetic,regression_residual_bootstrap_v2
2033-04-01,Taboneo,East Coast India,Thermal Coal,Panamax,75000.0,1950.0,660.0,142.0,118.9,34.262,2.4,4.0,2.0,11.459414506646617,11.557824351993984,SYN0401,synthetic,regression_residual_bootstrap_v2
2033-05-01,Taboneo,East Coast India,Thermal Coal,Panamax,75000.0,1950.0,660.0,142.0,118.9,34.262,2.4,4.0,2.0,11.557824351993984,10.070768814884708,SYN0401,synthetic,regression_residual_bootstrap_v2
2033-06-01,Taboneo,East Coast India,Thermal Coal,Panamax,75000.0,1460.0,608.0,112.2,99.7,52.2264,3.8,2.0,3.5,10.070768814884708,11.864603781155571,SYN0401,synthetic,regression_residual_bootstrap_v2
2033-07-01,Taboneo,East Coast India,Thermal Coal,Panamax,75000.0,2150.0,658.0,104.4,97.0,36.6696,2.6,5.0,2.5,11.864603781155571,11.504410457354211,SYN0401,synthetic,regression_residual_bootstrap_v2
2033-08-01,Taboneo,East Coast India,Thermal Coal,Panamax,75000.0,1890.0,642.0,135.1,107.5,44.448,3.2,3.0,2.5,11.504410457354211,11.434106495997495,SYN0401,synthetic,regression_residual_bootstrap_v2
2033-09-01,Taboneo,East Coast India,Thermal Coal,Panamax,75000.0,1890.0,642.0,135.1,107.5,44.448,3.2,3.0,2.5,11.434106495997495,11.337448590008018,SYN0401,synthetic,regression_residual_bootstrap_v2
2033-10-01,Taboneo,East Coast India,Thermal Coal,Panamax,75000.0,1880.0,648.0,142.1,100.5,27.78,1.9,4.0,2.5,11.337448590008018,11.661234577002405,SYN0401,synthetic,regression_residual_bootstrap_v2
2033-11-01,Taboneo,East Coast India,Thermal Coal,Panamax,75000.0,1970.0,646.0,112.6,102.5,28.706000000000003,1.9,4.0,2.5,11.661234577002405,10.328586380877855,SYN0401,synthetic,regression_residual_bootstrap_v2
2033-12-01,Taboneo,East Coast India,Thermal Coal,Panamax,75000.0,1500.0,614.0,106.3,103.3,40.744,2.9,3.0,2.0,10.328586380877855,9.39079067244087,SYN0401,synthetic,regression_residual_bootstrap_v2
2034-01-01,Taboneo,East Coast India,Thermal Coal,Panamax,75000.0,1360.0,592.0,104.0,100.1,20.001600000000003,1.1,1.0,0.0,9.39079067244087,11.117670629003047,SYN0401,synthetic,regression_residual_bootstrap_v2
2034-02-01,Taboneo,East Coast India,Thermal Coal,Panamax,75000.0,1980.0,640.0,98.6,97.2,24.4464,1.5,2.0,0.5,11.117670629003047,9.709156973919203,SYN0401,synthetic,regression_residual_bootstrap_v2
2034-04-01,Taboneo,East Coast India,Thermal Coal,Panamax,75000.0,2080.0,652.0,109.0,92.3,46.6704,3.4,3.0,3.0,10.1,10.863375387826885,SYN0402,synthetic,regression_residual_bootstrap_v2
2034-05-01,Taboneo,East Coast India,Thermal Coal,Panamax,75000.0,1880.0,648.0,142.1,100.5,27.78,1.9,4.0,2.5,10.863375387826885,12.139137614350146,SYN0402,synthetic,regression_residual_bootstrap_v2
2034-06-01,Taboneo,East Coast India,Thermal Coal,Panamax,75000.0,2150.0,658.0,104.4,97.0,36.6696,2.6,5.0,2.5,12.139137614350146,9.784779999119044,SYN0402,synthetic,regression_residual_bootstrap_v2
2034-07-01,Taboneo,East Coast India,Thermal Coal,Panamax,75000.0,1380.0,595.0,118.6,99.6,22.224,1.3,2.0,0.5,9.784779999119044,11.174149770655923,SYN0402,synthetic,regression_residual_bootstrap_v2
2034-08-01,Taboneo,East Coast India,Thermal Coal,Panamax,75000.0,1980.0,640.0,98.6,97.2,24.4464,1.5,2.0,0.5,11.174149770655923,11.612033532515598,SYN0402,synthetic,regression_residual_bootstrap_v2
2034-09-01,Taboneo,East Coast India,Thermal Coal,Panamax,75000.0,1980.0,640.0,98.6,97.2,24.4464,1.5,2.0,0.5,11.612033532515598,11.282996464552877,SYN0402,synthetic,regression_residual_bootstrap_v2
2034-10-01,Taboneo,East Coast India,Thermal Coal,Panamax,75000.0,1880.0,648.0,142.1,100.5,27.78,1.9,4.0,2.5,11.282996464552877,11.29105768598398,SYN0402,synthetic,regression_residual_bootstrap_v2
2034-11-01,Taboneo,East Coast India,Thermal Coal,Panamax,75000.0,1890.0,642.0,135.1,107.5,44.448,3.2,3.0,2.5,11.29105768598398,9.382479441688174,SYN0402,synthetic,regression_residual_bootstrap_v2
2034-12-01,Taboneo,East Coast India,Thermal Coal,Panamax,75000.0,1310.0,588.0,106.9,105.1,20.7424,1.1,2.0,0.5,9.382479441688174,11.420888047288162,SYN0402,synthetic,regression_residual_bootstrap_v2
2035-01-01,Taboneo,East Coast India,Thermal Coal,Panamax,75000.0,2080.0,652.0,109.0,92.3,46.6704,3.4,3.0,3.0,11.420888047288162,9.599200317752274,SYN0402,synthetic,regression_residual_bootstrap_v2
2035-02-01,Taboneo,East Coast India,Thermal Coal,Panamax,75000.0,1380.0,595.0,118.6,99.6,22.224,1.3,2.0,0.5,9.599200317752274,10.651290045297923,SYN0402,synthetic,regression_residual_bootstrap_v2
2035-03-01,Taboneo,East Coast India,Thermal Coal,Panamax,75000.0,1880.0,648.0,142.1,100.5,27.78,1.9,4.0,2.5,10.651290045297923,11.999889573890112,SYN0402,synthetic,regression_residual_bootstrap_v2
2035-04-01,Taboneo,East Coast India,Thermal Coal,Panamax,75000.0,2150.0,658.0,104.4,97.0,36.6696,2.6,5.0,2.5,11.999889573890112,9.857540532269194,SYN0402,synthetic,regression_residual_bootstrap_v2
2035-05-01,Taboneo,East Coast India,Thermal Coal,Panamax,75000.0,1390.0,610.0,139.2,92.8,39.818000000000005,2.8,3.0,2.0,9.857540532269194,10.805047401503247,SYN0402,synthetic,regression_residual_bootstrap_v2
2035-06-01,Taboneo,East Coast India,Thermal Coal,Panamax,75000.0,1890.0,642.0,135.1,107.5,44.448,3.2,3.0,2.5,10.805047401503247,10.254329714604317,SYN0402,synthetic,regression_residual_bootstrap_v2
2035-07-01,Taboneo,East Coast India,Thermal Coal,Panamax,75000.0,1540.0,620.0,112.9,97.3,55.189600000000006,4.1,2.0,4.0,10.254329714604317,9.550287897409982,SYN0402,synthetic,regression_residual_bootstrap_v2
2035-08-01,Taboneo,East Coast India,Thermal Coal,Panamax,75000.0,1420.0,615.0,137.6,106.9,52.782,3.9,2.0,3.5,9.550287897409982,11.077392108886004,SYN0402,synthetic,regression_residual_bootstrap_v2
2035-09-01,Taboneo,East Coast India,Thermal Coal,Panamax,75000.0,1950.0,660.0,142.0,118.9,34.262,2.4,4.0,2.0,11.077392108886004,9.51283483819329,SYN0402,synthetic,regression_residual_bootstrap_v2
2035-10-01,Taboneo,East Coast India,Thermal Coal,Panamax,75000.0,1380.0,595.0,118.6,99.6,22.224,1.3,2.0,0.5,9.51283483819329,8.996889166271988,SYN0402,synthetic,regression_residual_bootstrap_v2
2035-11-01,Taboneo,East Coast India,Thermal Coal,Panamax,75000.0,1380.0,595.0,118.6,99.6,22.224,1.3,2.0,0.5,8.996889166271988,9.248678170611628,SYN0402,synthetic,regression_residual_bootstrap_v2
2035-12-01,Taboneo,East Coast India,Thermal Coal,Panamax,75000.0,1420.0,615.0,137.6,106.9,52.782,3.9,2.0,3.5,9.248678170611628,10.892822266864027,SYN0402,synthetic,regression_residual_bootstrap_v2
2036-01-01,Taboneo,East Coast India,Thermal Coal,Panamax,75000.0,1910.0,650.0,129.8,102.2,25.002,1.5,2.0,1.0,10.892822266864027,11.586910450921533,SYN0402,synthetic,regression_residual_bootstrap_v2
2036-02-01,Taboneo,East Coast India,Thermal Coal,Panamax,75000.0,1980.0,640.0,98.6,97.2,24.4464,1.5,2.0,0.5,11.586910450921533,10.185246674537156,SYN0402,synthetic,regression_residual_bootstrap_v2
2036-03-01,Taboneo,East Coast India,Thermal Coal,Panamax,75000.0,1500.0,614.0,106.3,103.3,40.744,2.9,3.0,2.0,10.185246674537156,9.485145129046511,SYN0402,synthetic,regression_residual_bootstrap_v2
2036-04-01,Taboneo,East Coast India,Thermal Coal,Panamax,75000.0,1420.0,615.0,137.6,106.9,52.782,3.9,2.0,3.5,9.485145129046511,9.018477442279778,SYN0402,synthetic,regression_residual_bootstrap_v2
2036-05-01,Taboneo,East Coast India,Thermal Coal,Panamax,75000.0,1380.0,595.0,118.6,99.6,22.224,1.3,2.0,0.5,9.018477442279778,10.55618350467975,SYN0402,synthetic,regression_residual_bootstrap_v2
2036-06-01,Taboneo,East Coast India,Thermal Coal,Panamax,75000.0,1820.0,655.0,135.0,112.8,22.224,1.4,2.0,0.5,10.55618350467975,9.638556560845268,SYN0402,synthetic,regression_residual_bootstrap_v2
2036-07-01,Taboneo,East Coast India,Thermal Coal,Panamax,75000.0,1420.0,615.0,137.6,106.9,52.782,3.9,2.0,3.5,9.638556560845268,10.122639798652195,SYN0402,synthetic,regression_residual_bootstrap_v2
2036-08-01,Taboneo,East Coast India,Thermal Coal,Panamax,75000.0,1740.0,630.0,146.6,101.4,30.0024,2.1,5.0,3.5,10.122639798652195,9.224121671535803,SYN0402,synthetic,regression_residual_bootstrap_v2
2036-09-01,Taboneo,East Coast India,Thermal Coal,Panamax,75000.0,1380.0,595.0,118.6,99.6,22.224,1.3,2.0,0.5,9.224121671535803,8.904739837840477,SYN0402,synthetic,regression_residual_bootstrap_v2
2036-10-01,Taboneo,East Coast India,Thermal Coal,Panamax,75000.0,1350.0,605.0,145.8,99.9,50.004000000000005,3.7,2.0,3.0,8.904739837840477,10.578638592560912,SYN0402,synthetic,regression_residual_bootstrap_v2
2036-11-01,Taboneo,East Coast India,Thermal Coal,Panamax,75000.0,1880.0,648.0,142.1,100.5,27.78,1.9,4.0,2.5,10.578638592560912,9.952469159887109,SYN0402,synthetic,regression_residual_bootstrap_v2
2036-12-01,Taboneo,East Coast India,Thermal Coal,Panamax,75000.0,1500.0,614.0,106.3,103.3,40.744,2.9,3.0,2.0,9.952469159887109,11.745825451923546,SYN0402,synthetic,regression_residual_bootstrap_v2
2037-01-01,Taboneo,East Coast India,Thermal Coal,Panamax,75000.0,2150.0,658.0,104.4,97.0,36.6696,2.6,5.0,2.5,11.745825451923546,11.383327891481692,SYN0402,synthetic,regression_residual_bootstrap_v2
2037-02-01,Taboneo,East Coast India,Thermal Coal,Panamax,75000.0,1890.0,642.0,135.1,107.5,44.448,3.2,3.0,2.5,11.383327891481692,11.401002424947533,SYN0402,synthetic,regression_residual_bootstrap_v2
2037-03-01,Taboneo,East Coast India,Thermal Coal,Panamax,75000.0,1910.0,650.0,129.8,102.2,25.002,1.5,2.0,1.0,11.401002424947533,11.630825282827807,SYN0402,synthetic,regression_residual_bootstrap_v2
2037-04-01,Taboneo,East Coast India,Thermal Coal,Panamax,75000.0,1950.0,660.0,142.0,118.9,34.262,2.4,4.0,2.0,11.630825282827807,11.610243810648521,SYN0402,synthetic,regression_residual_bootstrap_v2
2037-05-01,Taboneo,East Coast India,Thermal Coal,Panamax,75000.0,1970.0,646.0,112.6,102.5,28.706000000000003,1.9,4.0,2.5,11.610243810648521,10.078570582893821,SYN0402,synthetic,regression_residual_bootstrap_v2
2037-06-01,Taboneo,East Coast India,Thermal Coal,Panamax,75000.0,1460.0,608.0,112.2,99.7,52.2264,3.8,2.0,3.5,10.078570582893821,10.968600497875686,SYN0402,synthetic,regression_residual_bootstrap_v2
2037-07-01,Taboneo,East Coast India,Thermal Coal,Panamax,75000.0,1890.0,642.0,135.1,107.5,44.448,3.2,3.0,2.5,10.968600497875686,10.760999893458079,SYN0402,synthetic,regression_residual_bootstrap_v2
2037-08-01,Taboneo,East Coast India,Thermal Coal,Panamax,75000.0,1680.0,645.0,131.5,109.8,19.446,1.1,1.0,0.0,10.760999893458079,11.040430350793402,SYN0402,synthetic,regression_residual_bootstrap_v2
2037-09-01,Taboneo,East Coast India,Thermal Coal,Panamax,75000.0,1820.0,655.0,135.0,112.8,22.224,1.4,2.0,0.5,11.040430350793402,11.098894771601252,SYN0402,synthetic,regression_residual_bootstrap_v2
2037-10-01,Taboneo,East Coast India,Thermal Coal,Panamax,75000.0,1850.0,635.0,107.5,103.5,31.484,2.2,5.0,4.0,11.098894771601252,11.256419510056245,SYN0402,synthetic,regression_residual_bootstrap_v2
2037-11-01,Taboneo,East Coast India,Thermal Coal,Panamax,75000.0,1850.0,635.0,107.5,103.5,31.484,2.2,5.0,4.0,11.256419510056245,9.94432175754471,SYN0402,synthetic,regression_residual_bootstrap_v2
2037-12-01,Taboneo,East Coast India,Thermal Coal,Panamax,75000.0,1420.0,615.0,137.6,106.9,52.782,3.9,2.0,3.5,9.94432175754471,10.323980778392059,SYN0402,synthetic,regression_residual_bootstrap_v2
2038-01-01,Taboneo,East Coast India,Thermal Coal,Panamax,75000.0,1740.0,630.0,146.6,101.4,30.0024,2.1,5.0,3.5,10.323980778392059,9.245963945588649,SYN0402,synthetic,regression_residual_bootstrap_v2
2038-02-01,Taboneo,East Coast India,Thermal Coal,Panamax,75000.0,1380.0,595.0,118.6,99.6,22.224,1.3,2.0,0.5,9.245963945588649,10.939856793859873,SYN0402,synthetic,regression_residual_bootstrap_v2
2038-03-01,Taboneo,East Coast India,Thermal Coal,Panamax,75000.0,1970.0,646.0,112.6,102.5,28.706000000000003,1.9,4.0,2.5,10.939856793859873,11.208739347483998,SYN0402,synthetic,regression_residual_bootstrap_v2
2038-04-01,Taboneo,East Coast India,Thermal Coal,Panamax,75000.0,1880.0,648.0,142.1,100.5,27.78,1.9,4.0,2.5,11.208739347483998,11.362581510200531,SYN0402,synthetic,regression_residual_bootstrap_v2
2038-06-01,Taboneo,East Coast India,Thermal Coal,Panamax,75000.0,1890.0,642.0,135.1,107.5,44.448,3.2,3.0,2.5,11.9,11.746711567267255,SYN0403,synthetic,regression_residual_bootstrap_v2
2038-07-01,Taboneo,East Coast India,Thermal Coal,Panamax,75000.0,1970.0,646.0,112.6,102.5,28.706000000000003,1.9,4.0,2.5,11.746711567267255,10.302891052299012,SYN0403,synthetic,regression_residual_bootstrap_v2
2038-08-01,Taboneo,East Coast India,Thermal Coal,Panamax,75000.0,1500.0,614.0,106.3,103.3,40.744,2.9,3.0,2.0,10.302891052299012,9.30695334689799,SYN0403,synthetic,regression_residual_bootstrap_v2
2038-09-01,Taboneo,East Coast India,Thermal Coal,Panamax,75000.0,1360.0,592.0,104.0,100.1,20.001600000000003,1.1,1.0,0.0,9.30695334689799,10.913088178541164,SYN0403,synthetic,regression_residual_bootstrap_v2
2038-10-01,Taboneo,East Coast India,Thermal Coal,Panamax,75000.0,1910.0,650.0,129.8,102.2,25.002,1.5,2.0,1.0,10.913088178541164,10.192146027267572,SYN0403,synthetic,regression_residual_bootstrap_v2
2038-11-01,Taboneo,East Coast India,Thermal Coal,Panamax,75000.0,1540.0,620.0,112.9,97.3,55.189600000000006,4.1,2.0,4.0,10.192146027267572,10.984394886756142,SYN0403,synthetic,regression_residual_bootstrap_v2
2038-12-01,Taboneo,East Coast India,Thermal Coal,Panamax,75000.0,1850.0,635.0,107.5,103.5,31.484,2.2,5.0,4.0,10.984394886756142,11.880389850409943,SYN0403,synthetic,regression_residual_bootstrap_v2
2039-01-01,Taboneo,East Coast India,Thermal Coal,Panamax,75000.0,2080.0,652.0,109.0,92.3,46.6704,3.4,3.0,3.0,11.880389850409943,10.795189785521597,SYN0403,synthetic,regression_residual_bootstrap_v2
2039-02-01,Taboneo,East Coast India,Thermal Coal,Panamax,75000.0,1740.0,630.0,146.6,101.4,30.0024,2.1,5.0,3.5,10.795189785521597,11.397840921412412,SYN0403,synthetic,regression_residual_bootstrap_v2
2039-03-01,Taboneo,East Coast India,Thermal Coal,Panamax,75000.0,1970.0,646.0,112.6,102.5,28.706000000000003,1.9,4.0,2.5,11.397840921412412,11.422882345265919,SYN0403,synthetic,regression_residual_bootstrap_v2
2039-04-01,Taboneo,East Coast India,Thermal Coal,Panamax,75000.0,1910.0,650.0,129.8,102.2,25.002,1.5,2.0,1.0,11.422882345265919,10.630081079152431,SYN0403,synthetic,regression_residual_bootstrap_v2
2039-05-01,Taboneo,East Coast India,Thermal Coal,Panamax,75000.0,1740.0,630.0,146.6,101.4,30.0024,2.1,5.0,3.5,10.630081079152431,9.460182373722496,SYN0403,synthetic,regression_residual_bootstrap_v2
2039-06-01,Taboneo,East Coast India,Thermal Coal,Panamax,75000.0,1390.0,610.0,139.2,92.8,39.818000000000005,2.8,3.0,2.0,9.460182373722496,10.597410755032772,SYN0403,synthetic,regression_residual_bootstrap_v2
2039-07-01,Taboneo,East Coast India,Thermal Coal,Panamax,75000.0,1820.0,655.0,135.0,112.8,22.224,1.4,2.0,0.5,10.597410755032772,10.952793589396697,SYN0403,synthetic,regression_residual_bootstrap_v2
2039-08-01,Taboneo,East Coast India,Thermal Coal,Panamax,75000.0,1820.0,655.0,135.0,112.8,22.224,1.4,2.0,0.5,10.952793589396697,9.420952722045763,SYN0403,synthetic,regression_residual_bootstrap_v2
2039-09-01,Taboneo,East Coast India,Thermal Coal,Panamax,75000.0,1380.0,595.0,118.6,99.6,22.224,1.3,2.0,0.5,9.420952722045763,10.659661204440614,SYN0403,synthetic,regression_residual_bootstrap_v2
2039-10-01,Taboneo,East Coast India,Thermal Coal,Panamax,75000.0,1880.0,648.0,142.1,100.5,27.78,1.9,4.0,2.5,10.659661204440614,10.112646001978389,SYN0403,synthetic,regression_residual_bootstrap_v2
2039-11-01,Taboneo,East Coast India,Thermal Coal,Panamax,75000.0,1540.0,620.0,112.9,97.3,55.189600000000006,4.1,2.0,4.0,10.112646001978389,10.120769673566878,SYN0403,synthetic,regression_residual_bootstrap_v2
2039-12-01,Taboneo,East Coast India,Thermal Coal,Panamax,75000.0,1540.0,620.0,112.9,97.3,55.189600000000006,4.1,2.0,4.0,10.120769673566878,9.225848107597553,SYN0403,synthetic,regression_residual_bootstrap_v2
2040-01-01,Taboneo,East Coast India,Thermal Coal,Panamax,75000.0,1380.0,595.0,118.6,99.6,22.224,1.3,2.0,0.5,9.225848107597553,10.584415287394322,SYN0403,synthetic,regression_residual_bootstrap_v2
2040-02-01,Taboneo,East Coast India,Thermal Coal,Panamax,75000.0,1850.0,635.0,107.5,103.5,31.484,2.2,5.0,4.0,10.584415287394322,11.348230303832453,SYN0403,synthetic,regression_residual_bootstrap_v2
2040-03-01,Taboneo,East Coast India,Thermal Coal,Panamax,75000.0,1950.0,660.0,142.0,118.9,34.262,2.4,4.0,2.0,11.348230303832453,11.577374808763892,SYN0403,synthetic,regression_residual_bootstrap_v2
2040-04-01,Taboneo,East Coast India,Thermal Coal,Panamax,75000.0,1950.0,660.0,142.0,118.9,34.262,2.4,4.0,2.0,11.577374808763892,10.06815062920187,SYN0403,synthetic,regression_residual_bootstrap_v2
2040-05-01,Taboneo,East Coast India,Thermal Coal,Panamax,75000.0,1460.0,608.0,112.2,99.7,52.2264,3.8,2.0,3.5,10.06815062920187,10.860445188760561,SYN0403,synthetic,regression_residual_bootstrap_v2
2040-06-01,Taboneo,East Coast India,Thermal Coal,Panamax,75000.0,1850.0,635.0,107.5,103.5,31.484,2.2,5.0,4.0,10.860445188760561,11.504549166753561,SYN0403,synthetic,regression_residual_bootstrap_v2
2040-07-01,Taboneo,East Coast India,Thermal Coal,Panamax,75000.0,1970.0,646.0,112.6,102.5,28.706000000000003,1.9,4.0,2.5,11.504549166753561,10.854599083662837,SYN0403,synthetic,regression_residual_bootstrap_v2
2040-08-01,Taboneo,East Coast India,Thermal Coal,Panamax,75000.0,1680.0,645.0,131.5,109.8,19.446,1.1,1.0,0.0,10.854599083662837,11.027878444320926,SYN0403,synthetic,regression_residual_bootstrap_v2
2040-09-01,Taboneo,East Coast India,Thermal Coal,Panamax,75000.0,1850.0,635.0,107.5,103.5,31.484,2.2,5.0,4.0,11.027878444320926,10.350789873194117,SYN0403,synthetic,regression_residual_bootstrap_v2
2040-10-01,Taboneo,East Coast India,Thermal Coal,Panamax,75000.0,1560.0,638.0,124.2,124.4,21.853600000000004,1.2,2.0,0.5,10.350789873194117,9.579225944986922,SYN0403,synthetic,regression_residual_bootstrap_v2
2040-11-01,Taboneo,East Coast India,Thermal Coal,Panamax,75000.0,1420.0,615.0,137.6,106.9,52.782,3.9,2.0,3.5,9.579225944986922,10.991986599176613,SYN0403,synthetic,regression_residual_bootstrap_v2
2040-12-01,Taboneo,East Coast India,Thermal Coal,Panamax,75000.0,1910.0,650.0,129.8,102.2,25.002,1.5,2.0,1.0,10.991986599176613,11.367259728566452,SYN0403,synthetic,regression_residual_bootstrap_v2
2041-01-01,Taboneo,East Coast India,Thermal Coal,Panamax,75000.0,1910.0,650.0,129.8,102.2,25.002,1.5,2.0,1.0,11.367259728566452,10.393426839994065,SYN0403,synthetic,regression_residual_bootstrap_v2
2041-02-01,Taboneo,East Coast India,Thermal Coal,Panamax,75000.0,1540.0,620.0,112.9,97.3,55.189600000000006,4.1,2.0,4.0,10.393426839994065,9.908028051998219,SYN0403,synthetic,regression_residual_bootstrap_v2
2041-03-01,Taboneo,East Coast India,Thermal Coal,Panamax,75000.0,1500.0,614.0,106.3,103.3,40.744,2.9,3.0,2.0,9.908028051998219,10.805783803426351,SYN0403,synthetic,regression_residual_bootstrap_v2
2041-04-01,Taboneo,East Coast India,Thermal Coal,Panamax,75000.0,1880.0,648.0,142.1,100.5,27.78,1.9,4.0,2.5,10.805783803426351,11.02216401434254,SYN0403,synthetic,regression_residual_bootstrap_v2
2041-05-01,Taboneo,East Coast India,Thermal Coal,Panamax,75000.0,1820.0,655.0,135.0,112.8,22.224,1.4,2.0,0.5,11.02216401434254,9.857262799504564,SYN0403,synthetic,regression_residual_bootstrap_v2
2041-06-01,Taboneo,East Coast India,Thermal Coal,Panamax,75000.0,1420.0,615.0,137.6,106.9,52.782,3.9,2.0,3.5,9.857262799504564,10.93896002417083,SYN0403,synthetic,regression_residual_bootstrap_v2
2041-07-01,Taboneo,East Coast India,Thermal Coal,Panamax,75000.0,1890.0,642.0,135.1,107.5,44.448,3.2,3.0,2.5,10.93896002417083,9.437316229750051,SYN0403,synthetic,regression_residual_bootstrap_v2
2041-08-01,Taboneo,East Coast India,Thermal Coal,Panamax,75000.0,1380.0,595.0,118.6,99.6,22.224,1.3,2.0,0.5,9.437316229750051,11.006748747276102,SYN0403,synthetic,regression_residual_bootstrap_v2
2041-09-01,Taboneo,East Coast India,Thermal Coal,Panamax,75000.0,1950.0,660.0,142.0,118.9,34.262,2.4,4.0,2.0,11.006748747276102,10.05561601978685,SYN0403,synthetic,regression_residual_bootstrap_v2
2041-10-01,Taboneo,East Coast India,Thermal Coal,Panamax,75000.0,1500.0,614.0,106.3,103.3,40.744,2.9,3.0,2.0,10.05561601978685,10.791655458217146,SYN0403,synthetic,regression_residual_bootstrap_v2
2041-11-01,Taboneo,East Coast India,Thermal Coal,Panamax,75000.0,1850.0,635.0,107.5,103.5,31.484,2.2,5.0,4.0,10.791655458217146,9.929242595214518,SYN0403,synthetic,regression_residual_bootstrap_v2
2041-12-01,Taboneo,East Coast India,Thermal Coal,Panamax,75000.0,1500.0,614.0,106.3,103.3,40.744,2.9,3.0,2.0,9.929242595214518,11.071038224182697,SYN0403,synthetic,regression_residual_bootstrap_v2
2042-01-01,Taboneo,East Coast India,Thermal Coal,Panamax,75000.0,1950.0,660.0,142.0,118.9,34.262,2.4,4.0,2.0,11.071038224182697,10.081694261727321,SYN0403,synthetic,regression_residual_bootstrap_v2
2042-02-01,Taboneo,East Coast India,Thermal Coal,Panamax,75000.0,1460.0,608.0,112.2,99.7,52.2264,3.8,2.0,3.5,10.081694261727321,9.093510334120008,SYN0403,synthetic,regression_residual_bootstrap_v2
2042-03-01,Taboneo,East Coast India,Thermal Coal,Panamax,75000.0,1350.0,605.0,145.8,99.9,50.004000000000005,3.7,2.0,3.0,9.093510334120008,10.849049326036182,SYN0403,synthetic,regression_residual_bootstrap_v2
2042-04-01,Taboneo,East Coast India,Thermal Coal,Panamax,75000.0,1970.0,646.0,112.6,102.5,28.706000000000003,1.9,4.0,2.5,10.849049326036182,11.16468356706069,SYN0403,synthetic,regression_residual_bootstrap_v2
2042-05-01,Taboneo,East Coast India,Thermal Coal,Panamax,75000.0,1850.0,635.0,107.5,103.5,31.484,2.2,5.0,4.0,11.16468356706069,11.13836260160177,SYN0403,synthetic,regression_residual_bootstrap_v2
2042-06-01,Taboneo,East Coast India,Thermal Coal,Panamax,75000.0,1880.0,648.0,142.1,100.5,27.78,1.9,4.0,2.5,11.13836260160177,11.433774226098873,SYN0403,synthetic,regression_residual_bootstrap_v2
2042-08-01,Taboneo,East Coast India,Thermal Coal,Panamax,75000.0,1350.0,605.0,145.8,99.9,50.004000000000005,3.7,2.0,3.0,9.7,11.005835808505205,SYN0404,synthetic,regression_residual_bootstrap_v2
2042-09-01,Taboneo,East Coast India,Thermal Coal,Panamax,75000.0,1950.0,660.0,142.0,118.9,34.262,2.4,4.0,2.0,11.005835808505205,10.466679358168465,SYN0404,synthetic,regression_residual_bootstrap_v2
2042-10-01,Taboneo,East Coast India,Thermal Coal,Panamax,75000.0,1740.0,630.0,146.6,101.4,30.0024,2.1,5.0,3.5,10.466679358168465,11.30197329592702,SYN0404,synthetic,regression_residual_bootstrap_v2
2042-11-01,Taboneo,East Coast India,Thermal Coal,Panamax,75000.0,1950.0,660.0,142.0,118.9,34.262,2.4,4.0,2.0,11.30197329592702,9.512820221105262,SYN0404,synthetic,regression_residual_bootstrap_v2
2042-12-01,Taboneo,East Coast India,Thermal Coal,Panamax,75000.0,1310.0,588.0,106.9,105.1,20.7424,1.1,2.0,0.5,9.512820221105262,10.843721068329497,SYN0404,synthetic,regression_residual_bootstrap_v2
2043-01-01,Taboneo,East Coast India,Thermal Coal,Panamax,75000.0,1910.0,650.0,129.8,102.2,25.002,1.5,2.0,1.0,10.843721068329497,11.100901562321337,SYN0404,synthetic,regression_residual_bootstrap_v2
2043-02-01,Taboneo,East Coast India,Thermal Coal,Panamax,75000.0,1890.0,642.0,135.1,107.5,44.448,3.2,3.0,2.5,11.100901562321337,11.181367401887218,SYN0404,synthetic,regression_residual_bootstrap_v2
2043-03-01,Taboneo,East Coast India,Thermal Coal,Panamax,75000.0,1890.0,642.0,135.1,107.5,44.448,3.2,3.0,2.5,11.181367401887218,11.631504502952009,SYN0404,synthetic,regression_residual_bootstrap_v2
2043-04-01,Taboneo,East Coast India,Thermal Coal,Panamax,75000.0,1980.0,640.0,98.6,97.2,24.4464,1.5,2.0,0.5,11.631504502952009,9.576919226441593,SYN0404,synthetic,regression_residual_bootstrap_v2
2043-05-01,Taboneo,East Coast India,Thermal Coal,Panamax,75000.0,1310.0,588.0,106.9,105.1,20.7424,1.1,2.0,0.5,9.576919226441593,8.8915770487104,SYN0404,synthetic,regression_residual_bootstrap_v2
2043-06-01,Taboneo,East Coast India,Thermal Coal,Panamax,75000.0,1310.0,588.0,106.9,105.1,20.7424,1.1,2.0,0.5,8.8915770487104,10.48416520047834,SYN0404,synthetic,regression_residual_bootstrap_v2
2043-07-01,Taboneo,East Coast India,Thermal Coal,Panamax,75000.0,1880.0,648.0,142.1,100.5,27.78,1.9,4.0,2.5,10.48416520047834,11.127030744462964,SYN0404,synthetic,regression_residual_bootstrap_v2
2043-08-01,Taboneo,East Coast India,Thermal Coal,Panamax,75000.0,1890.0,642.0,135.1,107.5,44.448,3.2,3.0,2.5,11.127030744462964,11.199850113613682,SYN0404,synthetic,regression_residual_bootstrap_v2
2043-09-01,Taboneo,East Coast India,Thermal Coal,Panamax,75000.0,1890.0,642.0,135.1,107.5,44.448,3.2,3.0,2.5,11.199850113613682,11.26714044454271,SYN0404,synthetic,regression_residual_bootstrap_v2
2043-10-01,Taboneo,East Coast India,Thermal Coal,Panamax,75000.0,1850.0,635.0,107.5,103.5,31.484,2.2,5.0,4.0,11.26714044454271,9.947538037890649,SYN0404,synthetic,regression_residual_bootstrap_v2
2043-11-01,Taboneo,East Coast India,Thermal Coal,Panamax,75000.0,1420.0,615.0,137.6,106.9,52.782,3.9,2.0,3.5,9.947538037890649,11.171401851949085,SYN0404,synthetic,regression_residual_bootstrap_v2
2043-12-01,Taboneo,East Coast India,Thermal Coal,Panamax,75000.0,1970.0,646.0,112.6,102.5,28.706000000000003,1.9,4.0,2.5,11.171401851949085,9.399488409091862,SYN0404,synthetic,regression_residual_bootstrap_v2
2044-01-01,Taboneo,East Coast India,Thermal Coal,Panamax,75000.0,1310.0,588.0,106.9,105.1,20.7424,1.1,2.0,0.5,9.399488409091862,9.609846522727558,SYN0404,synthetic,regression_residual_bootstrap_v2
2044-02-01,Taboneo,East Coast India,Thermal Coal,Panamax,75000.0,1500.0,614.0,106.3,103.3,40.744,2.9,3.0,2.0,9.609846522727558,10.224640382418682,SYN0404,synthetic,regression_residual_bootstrap_v2
2044-03-01,Taboneo,East Coast India,Thermal Coal,Panamax,75000.0,1740.0,630.0,146.6,101.4,30.0024,2.1,5.0,3.5,10.224640382418682,10.845705689125191,SYN0404,synthetic,regression_residual_bootstrap_v2
2044-04-01,Taboneo,East Coast India,Thermal Coal,Panamax,75000.0,1880.0,648.0,142.1,100.5,27.78,1.9,4.0,2.5,10.845705689125191,11.270253247828185,SYN0404,synthetic,regression_residual_bootstrap_v2
2044-05-01,Taboneo,East Coast India,Thermal Coal,Panamax,75000.0,1890.0,642.0,135.1,107.5,44.448,3.2,3.0,2.5,11.270253247828185,11.677827835660377,SYN0404,synthetic,regression_residual_bootstrap_v2
2044-06-01,Taboneo,East Coast India,Thermal Coal,Panamax,75000.0,1970.0,646.0,112.6,102.5,28.706000000000003,1.9,4.0,2.5,11.677827835660377,12.333137097513664,SYN0404,synthetic,regression_residual_bootstrap_v2
2044-07-01,Taboneo,East Coast India,Thermal Coal,Panamax,75000.0,2150.0,658.0,104.4,97.0,36.6696,2.6,5.0,2.5,12.333137097513664,12.614826484027347,SYN0404,synthetic,regression_residual_bootstrap_v2
2044-08-01,Taboneo,East Coast India,Thermal Coal,Panamax,75000.0,2150.0,658.0,104.4,97.0,36.6696,2.6,5.0,2.5,12.614826484027347,10.010473755131672,SYN0404,synthetic,regression_residual_bootstrap_v2
2044-09-01,Taboneo,East Coast India,Thermal Coal,Panamax,75000.0,1380.0,595.0,118.6,99.6,22.224,1.3,2.0,0.5,10.010473755131672,10.358873123796533,SYN0404,synthetic,regression_residual_bootstrap_v2
2044-10-01,Taboneo,East Coast India,Thermal Coal,Panamax,75000.0,1680.0,645.0,131.5,109.8,19.446,1.1,1.0,0.0,10.358873123796533,10.08425501563981,SYN0404,synthetic,regression_residual_bootstrap_v2
2044-11-01,Taboneo,East Coast India,Thermal Coal,Panamax,75000.0,1540.0,620.0,112.9,97.3,55.189600000000006,4.1,2.0,4.0,10.08425501563981,10.8905877578536,SYN0404,synthetic,regression_residual_bootstrap_v2
2044-12-01,Taboneo,East Coast India,Thermal Coal,Panamax,75000.0,1890.0,642.0,135.1,107.5,44.448,3.2,3.0,2.5,10.8905877578536,10.311890140841262,SYN0404,synthetic,regression_residual_bootstrap_v2
2045-01-01,Taboneo,East Coast India,Thermal Coal,Panamax,75000.0,1560.0,638.0,124.2,124.4,21.853600000000004,1.2,2.0,0.5,10.311890140841262,9.51305346498033,SYN0404,synthetic,regression_residual_bootstrap_v2
2045-02-01,Taboneo,East Coast India,Thermal Coal,Panamax,75000.0,1420.0,615.0,137.6,106.9,52.782,3.9,2.0,3.5,9.51305346498033,10.6749897387607,SYN0404,synthetic,regression_residual_bootstrap_v2
2045-03-01,Taboneo,East Coast India,Thermal Coal,Panamax,75000.0,1820.0,655.0,135.0,112.8,22.224,1.4,2.0,0.5,10.6749897387607,9.366367866123106,SYN0404,synthetic,regression_residual_bootstrap_v2
2045-04-01,Taboneo,East Coast India,Thermal Coal,Panamax,75000.0,1360.0,592.0,104.0,100.1,20.001600000000003,1.1,1.0,0.0,9.366367866123106,9.863128050510896,SYN0404,synthetic,regression_residual_bootstrap_v2
2045-05-01,Taboneo,East Coast India,Thermal Coal,Panamax,75000.0,1540.0,620.0,112.9,97.3,55.189600000000006,4.1,2.0,4.0,9.863128050510896,11.078938415153269,SYN0404,synthetic,regression_residual_bootstrap_v2
2045-06-01,Taboneo,East Coast India,Thermal Coal,Panamax,75000.0,1950.0,660.0,142.0,118.9,34.262,2.4,4.0,2.0,11.078938415153269,9.515121504676866,SYN0404,synthetic,regression_residual_bootstrap_v2
2045-07-01,Taboneo,East Coast India,Thermal Coal,Panamax,75000.0,1390.0,610.0,139.2,92.8,39.818000000000005,2.8,3.0,2.0,9.515121504676866,9.438908228904257,SYN0404,synthetic,regression_residual_bootstrap_v2
2045-08-01,Taboneo,East Coast India,Thermal Coal,Panamax,75000.0,1420.0,615.0,137.6,106.9,52.782,3.9,2.0,3.5,9.438908228904257,10.776701791678816,SYN0404,synthetic,regression_residual_bootstrap_v2
2045-09-01,Taboneo,East Coast India,Thermal Coal,Panamax,75000.0,1890.0,642.0,135.1,107.5,44.448,3.2,3.0,2.5,10.776701791678816,11.08365080949946,SYN0404,synthetic,regression_residual_bootstrap_v2
2045-10-01,Taboneo,East Coast India,Thermal Coal,Panamax,75000.0,1820.0,655.0,135.0,112.8,22.224,1.4,2.0,0.5,11.08365080949946,11.17675142916722,SYN0404,synthetic,regression_residual_bootstrap_v2
2045-11-01,Taboneo,East Coast India,Thermal Coal,Panamax,75000.0,1890.0,642.0,135.1,107.5,44.448,3.2,3.0,2.5,11.17675142916722,9.958607572406844,SYN0404,synthetic,regression_residual_bootstrap_v2
2045-12-01,Taboneo,East Coast India,Thermal Coal,Panamax,75000.0,1460.0,608.0,112.2,99.7,52.2264,3.8,2.0,3.5,9.958607572406844,11.281359856069562,SYN0404,synthetic,regression_residual_bootstrap_v2
2046-01-01,Taboneo,East Coast India,Thermal Coal,Panamax,75000.0,1980.0,640.0,98.6,97.2,24.4464,1.5,2.0,0.5,11.281359856069562,11.15937860910196,SYN0404,synthetic,regression_residual_bootstrap_v2
2046-02-01,Taboneo,East Coast India,Thermal Coal,Panamax,75000.0,1850.0,635.0,107.5,103.5,31.484,2.2,5.0,4.0,11.15937860910196,11.274564661306458,SYN0404,synthetic,regression_residual_bootstrap_v2
2046-03-01,Taboneo,East Coast India,Thermal Coal,Panamax,75000.0,1850.0,635.0,107.5,103.5,31.484,2.2,5.0,4.0,11.274564661306458,9.339153022819284,SYN0404,synthetic,regression_residual_bootstrap_v2
2046-04-01,Taboneo,East Coast India,Thermal Coal,Panamax,75000.0,1310.0,588.0,106.9,105.1,20.7424,1.1,2.0,0.5,9.339153022819284,11.059283934852342,SYN0404,synthetic,regression_residual_bootstrap_v2
2046-05-01,Taboneo,East Coast India,Thermal Coal,Panamax,75000.0,1970.0,646.0,112.6,102.5,28.706000000000003,1.9,4.0,2.5,11.059283934852342,11.615539216239394,SYN0404,synthetic,regression_residual_bootstrap_v2
2046-06-01,Taboneo,East Coast India,Thermal Coal,Panamax,75000.0,1970.0,646.0,112.6,102.5,28.706000000000003,1.9,4.0,2.5,11.615539216239394,10.536877281074013,SYN0404,synthetic,regression_residual_bootstrap_v2
2046-07-01,Taboneo,East Coast India,Thermal Coal,Panamax,75000.0,1540.0,620.0,112.9,97.3,55.189600000000006,4.1,2.0,4.0,10.536877281074013,11.205440746620857,SYN0404,synthetic,regression_residual_bootstrap_v2
2046-08-01,Taboneo,East Coast India,Thermal Coal,Panamax,75000.0,1910.0,650.0,129.8,102.2,25.002,1.5,2.0,1.0,11.205440746620857,9.490192243855372,SYN0404,synthetic,regression_residual_bootstrap_v2
2046-10-01,Taboneo,East Coast India,Thermal Coal,Panamax,75000.0,1950.0,660.0,142.0,118.9,34.262,2.4,4.0,2.0,11.4,12.177924069587249,SYN0405,synthetic,regression_residual_bootstrap_v2
2046-11-01,Taboneo,East Coast India,Thermal Coal,Panamax,75000.0,2150.0,658.0,104.4,97.0,36.6696,2.6,5.0,2.5,12.177924069587249,10.57546773907629,SYN0405,synthetic,regression_residual_bootstrap_v2
2046-12-01,Taboneo,East Coast India,Thermal Coal,Panamax,75000.0,1540.0,620.0,112.9,97.3,55.189600000000006,4.1,2.0,4.0,10.57546773907629,9.653285147674852,SYN0405,synthetic,regression_residual_bootstrap_v2
2047-01-01,Taboneo,East Coast India,Thermal Coal,Panamax,75000.0,1420.0,615.0,137.6,106.9,52.782,3.9,2.0,3.5,9.653285147674852,11.143184637936475,SYN0405,synthetic,regression_residual_bootstrap_v2
2047-02-01,Taboneo,East Coast India,Thermal Coal,Panamax,75000.0,1980.0,640.0,98.6,97.2,24.4464,1.5,2.0,0.5,11.143184637936475,9.457119582875736,SYN0405,synthetic,regression_residual_bootstrap_v2
2047-03-01,Taboneo,East Coast India,Thermal Coal,Panamax,75000.0,1350.0,605.0,145.8,99.9,50.004000000000005,3.7,2.0,3.0,9.457119582875736,8.92713587486272,SYN0405,synthetic,regression_residual_bootstrap_v2
2047-04-01,Taboneo,East Coast India,Thermal Coal,Panamax,75000.0,1350.0,605.0,145.8,99.9,50.004000000000005,3.7,2.0,3.0,8.92713587486272,9.4019820158407,SYN0405,synthetic,regression_residual_bootstrap_v2
2047-05-01,Taboneo,East Coast India,Thermal Coal,Panamax,75000.0,1460.0,608.0,112.2,99.7,52.2264,3.8,2.0,3.5,9.4019820158407,9.046434225932192,SYN0405,synthetic,regression_residual_bootstrap_v2
2047-06-01,Taboneo,East Coast India,Thermal Coal,Panamax,75000.0,1380.0,595.0,118.6,99.6,22.224,1.3,2.0,0.5,9.046434225932192,9.506392239773099,SYN0405,synthetic,regression_residual_bootstrap_v2
2047-07-01,Taboneo,East Coast India,Thermal Coal,Panamax,75000.0,1500.0,614.0,106.3,103.3,40.744,2.9,3.0,2.0,9.506392239773099,9.264061217105972,SYN0405,synthetic,regression_residual_bootstrap_v2
2047-08-01,Taboneo,East Coast India,Thermal Coal,Panamax,75000.0,1420.0,615.0,137.6,106.9,52.782,3.9,2.0,3.5,9.264061217105972,8.994822536757471,SYN0405,synthetic,regression_residual_bootstrap_v2
2047-09-01,Taboneo,East Coast India,Thermal Coal,Panamax,75000.0,1390.0,610.0,139.2,92.8,39.818000000000005,2.8,3.0,2.0,8.994822536757471,10.818446761027241,SYN0405,synthetic,regression_residual_bootstrap_v2
2047-10-01,Taboneo,East Coast India,Thermal Coal,Panamax,75000.0,1950.0,660.0,142.0,118.9,34.262,2.4,4.0,2.0,10.818446761027241,11.320371892415192,SYN0405,synthetic,regression_residual_bootstrap_v2
2047-11-01,Taboneo,East Coast India,Thermal Coal,Panamax,75000.0,1950.0,660.0,142.0,118.9,34.262,2.4,4.0,2.0,11.320371892415192,11.195466741772591,SYN0405,synthetic,regression_residual_bootstrap_v2
2047-12-01,Taboneo,East Coast India,Thermal Coal,Panamax,75000.0,1850.0,635.0,107.5,103.5,31.484,2.2,5.0,4.0,11.195466741772591,11.594044102083657,SYN0405,synthetic,regression_residual_bootstrap_v2
2048-01-01,Taboneo,East Coast India,Thermal Coal,Panamax,75000.0,1980.0,640.0,98.6,97.2,24.4464,1.5,2.0,0.5,11.594044102083657,9.719443518554066,SYN0405,synthetic,regression_residual_bootstrap_v2
2048-02-01,Taboneo,East Coast India,Thermal Coal,Panamax,75000.0,1350.0,605.0,145.8,99.9,50.004000000000005,3.7,2.0,3.0,9.719443518554066,9.611050946374611,SYN0405,synthetic,regression_residual_bootstrap_v2
2048-03-01,Taboneo,East Coast India,Thermal Coal,Panamax,75000.0,1500.0,614.0,106.3,103.3,40.744,2.9,3.0,2.0,9.611050946374611,9.578533174720775,SYN0405,synthetic,regression_residual_bootstrap_v2
2048-04-01,Taboneo,East Coast India,Thermal Coal,Panamax,75000.0,1500.0,614.0,106.3,103.3,40.744,2.9,3.0,2.0,9.578533174720775,10.777431225447005,SYN0405,synthetic,regression_residual_bootstrap_v2
2048-05-01,Taboneo,East Coast India,Thermal Coal,Panamax,75000.0,1890.0,642.0,135.1,107.5,44.448,3.2,3.0,2.5,10.777431225447005,10.705430296048936,SYN0405,synthetic,regression_residual_bootstrap_v2
2048-06-01,Taboneo,East Coast India,Thermal Coal,Panamax,75000.0,1680.0,645.0,131.5,109.8,19.446,1.1,1.0,0.0,10.705430296048936,10.553315514415097,SYN0405,synthetic,regression_residual_bootstrap_v2
2048-07-01,Taboneo,East Coast India,Thermal Coal,Panamax,75000.0,1740.0,630.0,146.6,101.4,30.0024,2.1,5.0,3.5,10.553315514415097,10.99933881140125,SYN0405,synthetic,regression_residual_bootstrap_v2
2048-08-01,Taboneo,East Coast India,Thermal Coal,Panamax,75000.0,1850.0,635.0,107.5,103.5,31.484,2.2,5.0,4.0,10.99933881140125,9.431955919197321,SYN0405,synthetic,regression_residual_bootstrap_v2
2048-09-01,Taboneo,East Coast India,Thermal Coal,Panamax,75000.0,1390.0,610.0,139.2,92.8,39.818000000000005,2.8,3.0,2.0,9.431955919197321,9.0958285934598,SYN0405,synthetic,regression_residual_bootstrap_v2
2048-10-01,Taboneo,East Coast India,Thermal Coal,Panamax,75000.0,1380.0,595.0,118.6,99.6,22.224,1.3,2.0,0.5,9.0958285934598,8.944834609246225,SYN0405,synthetic,regression_residual_bootstrap_v2
2048-11-01,Taboneo,East Coast India,Thermal Coal,Panamax,75000.0,1360.0,592.0,104.0,100.1,20.001600000000003,1.1,1.0,0.0,8.944834609246225,10.960544665159711,SYN0405,synthetic,regression_residual_bootstrap_v2
2048-12-01,Taboneo,East Coast India,Thermal Coal,Panamax,75000.0,1980.0,640.0,98.6,97.2,24.4464,1.5,2.0,0.5,10.960544665159711,9.838776994749715,SYN0405,synthetic,regression_residual_bootstrap_v2
2049-01-01,Taboneo,East Coast India,Thermal Coal,Panamax,75000.0,1420.0,615.0,137.6,106.9,52.782,3.9,2.0,3.5,9.838776994749715,8.982347394070974,SYN0405,synthetic,regression_residual_bootstrap_v2
2049-02-01,Taboneo,East Coast India,Thermal Coal,Panamax,75000.0,1350.0,605.0,145.8,99.9,50.004000000000005,3.7,2.0,3.0,8.982347394070974,10.511365073336348,SYN0405,synthetic,regression_residual_bootstrap_v2
2049-03-01,Taboneo,East Coast India,Thermal Coal,Panamax,75000.0,1850.0,635.0,107.5,103.5,31.484,2.2,5.0,4.0,10.511365073336348,10.886620481267228,SYN0405,synthetic,regression_residual_bootstrap_v2
2049-04-01,Taboneo,East Coast India,Thermal Coal,Panamax,75000.0,1850.0,635.0,107.5,103.5,31.484,2.2,5.0,4.0,10.886620481267228,9.871568288036846,SYN0405,synthetic,regression_residual_bootstrap_v2
2049-05-01,Taboneo,East Coast India,Thermal Coal,Panamax,75000.0,1460.0,608.0,112.2,99.7,52.2264,3.8,2.0,3.5,9.871568288036846,9.261470486411055,SYN0405,synthetic,regression_residual_bootstrap_v2
2049-06-01,Taboneo,East Coast India,Thermal Coal,Panamax,75000.0,1380.0,595.0,118.6,99.6,22.224,1.3,2.0,0.5,9.261470486411055,10.285402431109318,SYN0405,synthetic,regression_residual_bootstrap_v2
2049-07-01,Taboneo,East Coast India,Thermal Coal,Panamax,75000.0,1680.0,645.0,131.5,109.8,19.446,1.1,1.0,0.0,10.285402431109318,11.089150798174991,SYN0405,synthetic,regression_residual_bootstrap_v2
2049-08-01,Taboneo,East Coast India,Thermal Coal,Panamax,75000.0,1910.0,650.0,129.8,102.2,25.002,1.5,2.0,1.0,11.089150798174991,11.539050979115506,SYN0405,synthetic,regression_residual_bootstrap_v2
2049-09-01,Taboneo,East Coast India,Thermal Coal,Panamax,75000.0,1950.0,660.0,142.0,118.9,34.262,2.4,4.0,2.0,11.539050979115506,9.65798834218542,SYN0405,synthetic,regression_residual_bootstrap_v2
2049-10-01,Taboneo,East Coast India,Thermal Coal,Panamax,75000.0,1380.0,595.0,118.6,99.6,22.224,1.3,2.0,0.5,9.65798834218542,11.071947435552715,SYN0405,synthetic,regression_residual_bootstrap_v2
2049-11-01,Taboneo,East Coast India,Thermal Coal,Panamax,75000.0,1970.0,646.0,112.6,102.5,28.706000000000003,1.9,4.0,2.5,11.071947435552715,9.505968752432757,SYN0405,synthetic,regression_residual_bootstrap_v2
2049-12-01,Taboneo,East Coast India,Thermal Coal,Panamax,75000.0,1360.0,592.0,104.0,100.1,20.001600000000003,1.1,1.0,0.0,9.505968752432757,11.692515601683057,SYN0405,synthetic,regression_residual_bootstrap_v2
2050-01-01,Taboneo,East Coast India,Thermal Coal,Panamax,75000.0,2150.0,658.0,104.4,97.0,36.6696,2.6,5.0,2.5,11.692515601683057,11.26379903205261,SYN0405,synthetic,regression_residual_bootstrap_v2
2050-02-01,Taboneo,East Coast India,Thermal Coal,Panamax,75000.0,1820.0,655.0,135.0,112.8,22.224,1.4,2.0,0.5,11.26379903205261,11.26918000366045,SYN0405,synthetic,regression_residual_bootstrap_v2
2050-03-01,Taboneo,East Coast India,Thermal Coal,Panamax,75000.0,1820.0,655.0,135.0,112.8,22.224,1.4,2.0,0.5,11.26918000366045,10.093497903245696,SYN0405,synthetic,regression_residual_bootstrap_v2
2050-04-01,Taboneo,East Coast India,Thermal Coal,Panamax,75000.0,1500.0,614.0,106.3,103.3,40.744,2.9,3.0,2.0,10.093497903245696,11.621604078070618,SYN0405,synthetic,regression_residual_bootstrap_v2
2050-05-01,Taboneo,East Coast India,Thermal Coal,Panamax,75000.0,2080.0,652.0,109.0,92.3,46.6704,3.4,3.0,3.0,11.621604078070618,10.081978663120452,SYN0405,synthetic,regression_residual_bootstrap_v2
2050-06-01,Taboneo,East Coast India,Thermal Coal,Panamax,75000.0,1460.0,608.0,112.2,99.7,52.2264,3.8,2.0,3.5,10.081978663120452,11.758133718245682,SYN0405,synthetic,regression_residual_bootstrap_v2
2050-07-01,Taboneo,East Coast India,Thermal Coal,Panamax,75000.0,2080.0,652.0,109.0,92.3,46.6704,3.4,3.0,3.0,11.758133718245682,11.647440115473703,SYN0405,synthetic,regression_residual_bootstrap_v2
2050-08-01,Taboneo,East Coast India,Thermal Coal,Panamax,75000.0,1910.0,650.0,129.8,102.2,25.002,1.5,2.0,1.0,11.647440115473703,9.968221017670798,SYN0405,synthetic,regression_residual_bootstrap_v2
2050-09-01,Taboneo,East Coast India,Thermal Coal,Panamax,75000.0,1420.0,615.0,137.6,106.9,52.782,3.9,2.0,3.5,9.968221017670798,11.243396396192288,SYN0405,synthetic,regression_residual_bootstrap_v2
2050-10-01,Taboneo,East Coast India,Thermal Coal,Panamax,75000.0,1980.0,640.0,98.6,97.2,24.4464,1.5,2.0,0.5,11.243396396192288,11.453618896808834,SYN0405,synthetic,regression_residual_bootstrap_v2
2030-02-01,Taboneo,East Coast India,Thermal Coal,Supramax,55000.0,1850.0,635.0,107.5,103.5,31.484,2.2,5.0,4.0,11.9,13.57159279253817,SYN0501,synthetic,regression_residual_bootstrap_v2
2030-03-01,Taboneo,East Coast India,Thermal Coal,Supramax,55000.0,2080.0,652.0,109.0,92.3,46.6704,3.4,3.0,3.0,13.57159279253817,13.151418362666787,SYN0501,synthetic,regression_residual_bootstrap_v2
2030-04-01,Taboneo,East Coast India,Thermal Coal,Supramax,55000.0,1880.0,648.0,142.1,100.5,27.78,1.9,4.0,2.5,13.151418362666787,13.196599915988312,SYN0501,synthetic,regression_residual_bootstrap_v2
2030-05-01,Taboneo,East Coast India,Thermal Coal,Supramax,55000.0,1880.0,648.0,142.1,100.5,27.78,1.9,4.0,2.5,13.196599915988312,14.113684254706406,SYN0501,synthetic,regression_residual_bootstrap_v2
2030-06-01,Taboneo,East Coast India,Thermal Coal,Supramax,55000.0,2080.0,652.0,109.0,92.3,46.6704,3.4,3.0,3.0,14.113684254706406,11.347950863117273,SYN0501,synthetic,regression_residual_bootstrap_v2
2030-07-01,Taboneo,East Coast India,Thermal Coal,Supramax,55000.0,1310.0,588.0,106.9,105.1,20.7424,1.1,2.0,0.5,11.347950863117273,13.39945634619716,SYN0501,synthetic,regression_residual_bootstrap_v2
2030-08-01,Taboneo,East Coast India,Thermal Coal,Supramax,55000.0,2080.0,652.0,109.0,92.3,46.6704,3.4,3.0,3.0,13.39945634619716,12.590671308280715,SYN0501,synthetic,regression_residual_bootstrap_v2
2030-09-01,Taboneo,East Coast India,Thermal Coal,Supramax,55000.0,1740.0,630.0,146.6,101.4,30.0024,2.1,5.0,3.5,12.590671308280715,13.32050418447578,SYN0501,synthetic,regression_residual_bootstrap_v2
2030-10-01,Taboneo,East Coast India,Thermal Coal,Supramax,55000.0,1980.0,640.0,98.6,97.2,24.4464,1.5,2.0,0.5,13.32050418447578,11.305890243231225,SYN0501,synthetic,regression_residual_bootstrap_v2
2030-11-01,Taboneo,East Coast India,Thermal Coal,Supramax,55000.0,1350.0,605.0,145.8,99.9,50.004000000000005,3.7,2.0,3.0,11.305890243231225,10.595277595961774,SYN0501,synthetic,regression_residual_bootstrap_v2
2030-12-01,Taboneo,East Coast India,Thermal Coal,Supramax,55000.0,1390.0,610.0,139.2,92.8,39.818000000000005,2.8,3.0,2.0,10.595277595961774,12.34403210821555,SYN0501,synthetic,regression_residual_bootstrap_v2
2031-01-01,Taboneo,East Coast India,Thermal Coal,Supramax,55000.0,1820.0,655.0,135.0,112.8,22.224,1.4,2.0,0.5,12.34403210821555,11.259435520257295,SYN0501,synthetic,regression_residual_bootstrap_v2
2031-02-01,Taboneo,East Coast India,Thermal Coal,Supramax,55000.0,1420.0,615.0,137.6,106.9,52.782,3.9,2.0,3.5,11.259435520257295,11.827228209608645,SYN0501,synthetic,regression_residual_bootstrap_v2
2031-03-01,Taboneo,East Coast India,Thermal Coal,Supramax,55000.0,1740.0,630.0,146.6,101.4,30.0024,2.1,5.0,3.5,11.827228209608645,10.84692545445924,SYN0501,synthetic,regression_residual_bootstrap_v2
2031-04-01,Taboneo,East Coast India,Thermal Coal,Supramax,55000.0,1380.0,595.0,118.6,99.6,22.224,1.3,2.0,0.5,10.84692545445924,13.124077636337766,SYN0501,synthetic,regression_residual_bootstrap_v2
2031-05-01,Taboneo,East Coast India,Thermal Coal,Supramax,55000.0,2080.0,652.0,109.0,92.3,46.6704,3.4,3.0,3.0,13.124077636337766,14.198404335882033,SYN0501,synthetic,regression_residual_bootstrap_v2
2031-06-01,Taboneo,East Coast India,Thermal Coal,Supramax,55000.0,2150.0,658.0,104.4,97.0,36.6696,2.6,5.0,2.5,14.198404335882033,14.25459238802659,SYN0501,synthetic,regression_residual_bootstrap_v2
2031-07-01,Taboneo,East Coast India,Thermal Coal,Supramax,55000.0,2080.0,652.0,109.0,92.3,46.6704,3.4,3.0,3.0,14.25459238802659,11.626371695263655,SYN0501,synthetic,regression_residual_bootstrap_v2
2031-08-01,Taboneo,East Coast India,Thermal Coal,Supramax,55000.0,1380.0,595.0,118.6,99.6,22.224,1.3,2.0,0.5,11.626371695263655,11.937309062110554,SYN0501,synthetic,regression_residual_bootstrap_v2
2071-10-01,Australia West Coast,East Coast India,Iron Ore,Capesize,170000.0,1970.0,646.0,112.6,102.5,31.1136,2.1,4.0,2.5,8.8,9.648312977866285,SYNX5001,synthetic,regression_residual_bootstrap_v2
